tree
version=v4
num_class=3
num_tree_per_iteration=3
label_index=0
max_feature_idx=119
objective=multiclass num_class:3
feature_names=home_position away_position derived_positionGap home_restDays away_restDays derived_restGap home_form5_matches home_form5_pointsAvg5 home_form5_goalsForAvg5 home_form5_goalsAgainstAvg5 home_form5_winRate5 home_form5_drawRate5 home_form5_lossRate5 home_form5_csRate5 home_form5_ftsRate5 away_form5_matches away_form5_pointsAvg5 away_form5_goalsForAvg5 away_form5_goalsAgainstAvg5 away_form5_winRate5 away_form5_drawRate5 away_form5_lossRate5 away_form5_csRate5 away_form5_ftsRate5 home_form5_pointsWAvg5 home_form5_goalsForWAvg5 home_form5_goalsAgainstWAvg5 away_form5_pointsWAvg5 away_form5_goalsForWAvg5 away_form5_goalsAgainstWAvg5 home_form10_matches home_form10_pointsAvg10 home_form10_goalsForAvg10 home_form10_goalsAgainstAvg10 home_form10_winRate10 home_form10_drawRate10 home_form10_lossRate10 home_form10_csRate10 home_form10_ftsRate10 away_form10_matches away_form10_pointsAvg10 away_form10_goalsForAvg10 away_form10_goalsAgainstAvg10 away_form10_winRate10 away_form10_drawRate10 away_form10_lossRate10 away_form10_csRate10 away_form10_ftsRate10 home_form10_pointsWAvg10 home_form10_goalsForWAvg10 home_form10_goalsAgainstWAvg10 away_form10_pointsWAvg10 away_form10_goalsForWAvg10 away_form10_goalsAgainstWAvg10 home_xg5_sampleSize home_xg5_xgForAvg5 home_xg5_xgAgainstAvg5 home_xg5_xgDiffAvg5 home_xg5_xgForWAvg5 home_xg5_xgAgainstWAvg5 home_xg5_xgDiffWAvg5 away_xg5_sampleSize away_xg5_xgForAvg5 away_xg5_xgAgainstAvg5 away_xg5_xgDiffAvg5 away_xg5_xgForWAvg5 away_xg5_xgAgainstWAvg5 away_xg5_xgDiffWAvg5 home_xg10_sampleSize home_xg10_xgForAvg10 home_xg10_xgAgainstAvg10 home_xg10_xgDiffAvg10 home_xg10_xgForWAvg10 home_xg10_xgAgainstWAvg10 home_xg10_xgDiffWAvg10 away_xg10_sampleSize away_xg10_xgForAvg10 away_xg10_xgAgainstAvg10 away_xg10_xgDiffAvg10 away_xg10_xgForWAvg10 away_xg10_xgAgainstWAvg10 away_xg10_xgDiffWAvg10 derived_pointsGap5 derived_goalForGap5 derived_goalsAgainstGap5 derived_homeSample5 derived_awaySample5 derived_pointsGapW5 derived_goalForGapW5 derived_goalsAgainstGapW5 derived_expectedGoalsTotal5 derived_expectedGoalsAsym5 derived_expectedGoalsTotal10 derived_expectedGoalsAsym10 derived_expectedGoalsTotalW5 derived_expectedGoalsAsymW5 derived_expectedGoalsTotalW10 derived_expectedGoalsAsymW10 derived_bttsSuppress5 derived_bttsSuppress10 lg_8 lg_9 lg_72 lg_82 lg_181 lg_208 lg_244 lg_271 lg_301 lg_384 lg_387 lg_444 lg_453 lg_462 lg_501 lg_564 lg_567 lg_573 lg_591 lg_600
feature_infos=[1:24] [1:24] [-22:22] [2.6875:101.91666412353516] [2.6875:105.10416412353516] [-86.03125:84.854164123535156] none [0:3] [0:4.4000000953674316] [0:4] [0:1] [0:1] [0:1] [0:1] [0:1] none [0:3] [0:4.4000000953674316] [0:4.1999998092651367] [0:1] [0:1] [0:1] [0:1] [0:1] [0:3] [0:4.614285945892334] [0:4.4857144355773926] [0:3] [0:4.7857141494750977] [0:4.4571428298950195] [5:10] [0:3] [0.10000000149011612:4.0999999046325684] [0:3.2999999523162842] [0:1] [0:1] [0:1] [0:1] [0:0.89999997615814209] [5:10] [0:3] [0.10000000149011612:4] [0:3.2222223281860352] [0:1] [0:0.80000001192092896] [0:1] [0:1] [0:0.89999997615814209] [0:3] [0.083601288497447968:4.3279743194580078] [0:3.3558719158172607] [0:3] [0.06752411276102066:4.2122187614440918] [0:3.4083602428436279] [0:5] [0.33129999041557312:3.5242400169372559] [0.35927999019622803:3.5705399513244629] [-2.8651199340820312:2.6234200000762939] [0.33129999041557312:3.6779000759124756] [0.36847713589668274:3.5530400276184082] [-2.8455729484558105:2.6983785629272461] [0:5] [0.3850800096988678:3.8110198974609375] [0.26409998536109924:3.4770400524139404] [-2.4251599311828613:2.9379000663757324] [0.40495285391807556:3.9489572048187256] [0.26409998536109924:3.3624656200408936] [-2.4638471603393555:3.0060315132141113] [0:10] [0.26409998536109924:3.3372199535369873] [0.26409998536109924:3.2222375869750977] [-2.4500374794006348:2.5440800189971924] [0.26409998536109924:3.4629852771759033] [0.26409998536109924:3.344531774520874] [-2.579836368560791:2.6163344383239746] [0:10] [0.29609999060630798:3.2688500881195068] [0.40896248817443848:3.0834500789642334] [-2.3420300483703613:2.4184699058532715] [0.29609999060630798:3.4187443256378174] [0.38098007440567017:3.1137113571166992] [-2.3927450180053711:2.6202044486999512] [-3:3] [-3.5999999046325684:3.7999999523162842] [-3.4000000953674316:3] none none [-3:3] [-3.942857027053833:3.8714284896850586] [-3.4000000953674316:3.2000000476837158] [0.8618999719619751:6.2237601280212402] [0.00028000000747852027:3.9693601131439209] [0.8618999719619751:5.5706768035888672] [0.00031000000308267772:3.6145000457763672] [0.8618999719619751:6.0259742736816406] [0.00022000000171829015:4.4024744033813477] [0.8618999719619751:5.6218767166137695] [3.9228296373039484e-05:3.5502192974090576] [0:1.6000000238418579] [0:1.6000000238418579] [0:1] [0:1] [0:1] [0:1] [0:1] [0:1] [0:1] [0:1] [0:1] [0:1] [0:1] [0:1] [0:1] [0:1] [0:1] [0:1] [0:1] [0:1] [0:1] [0:1]
tree_sizes=3398 3332 3325 3443 3428 3439 3455 3437 3424 3453 3434 3436 3437 3436 3437 3464 3463 3415 3451 3457 3437 3455 3451 3439 3466 3448 3455 3450 3453 3443 3456 3437 3423 3457 3442 3448 3460 3434 3451 3447 3444 3439 3457 3458 3451 3456 3451 3448 3448 3448 3440 3457 3433 3448 3453 3447 3453 3454 3448 3444 3448 3425 3438 3463 3442 3453 3474 3440 3455

Tree=0
num_leaves=31
num_cat=0
split_feature=2 97 93 74 78 2 81 89 60 32 72 81 1 1 29 36 24 31 0 87 33 93 93 50 24 56 49 3 48 95
split_gain=223.351 57.6351 39.4362 23.7899 21.3716 18.1692 18.0057 13.2153 12.829 12.7107 10.0833 8.57846 8.38743 7.95559 7.39969 6.73031 6.05333 5.96094 5.91757 6.90535 5.7958 5.65726 5.64653 5.99291 5.58673 6.49812 9.36294 10.1222 9.3054 8.18291
threshold=1.0000000180025095e-35 1.1046578884124758 0.82384002208709728 -0.0044472669251263133 -0.033965000882744782 7.5000000000000009 -0.62014019489288319 -1.0642856955528257 -0.82187142968177784 1.4365079402923586 1.3284499645233157 0.87546110153198253 15.500000000000002 3.5000000000000004 0.90714284777641307 0.68333333730697643 1.0071428418159487 1.6125000119209292 9.5000000000000018 0.59285715222358715 1.0500000119209292 0.064828749746084227 0.44930888712406164 0.57078903913497936 2.0714286565780644 1.4145799875259402 1.8151125311851504 5.2812500000000009 1.2224709391593935 0.46293357014656072
decision_type=2 10 10 10 10 2 10 2 10 2 8 8 2 2 2 2 2 2 2 2 2 8 10 2 2 10 2 2 2 10
left_child=1 3 5 6 8 10 7 -1 -4 12 13 22 -3 -2 -12 24 -15 -11 -9 -20 -18 -8 -5 -24 25 26 27 -16 -27 -29
right_child=2 9 4 11 -6 -7 21 18 -10 17 14 -13 -14 16 15 -17 20 -19 19 -21 -22 -23 23 -25 -26 28 -28 29 -30 -31
leaf_value=-0.79303374592189768 -0.86912028376421946 -0.83308111075352842 -0.85072514695277546 -0.81241293297864636 -0.86093959404297715 -0.84745443513978591 -0.81050712326331542 -0.8142694545116842 -0.79622301818476249 -0.80110129514239325 -0.8365681494715288 -0.83289758239994949 -0.78677549538898883 -0.82955462713565442 -0.79359602610569868 -0.85527886511890461 -0.82074066425887859 -0.7735892478886961 -0.82140256217261887 -0.8497496669171879 -0.85174092403019186 -0.83659451649397121 -0.77375204106771212 -0.80281577520494107 -0.84535819166925841 -0.81282240403154238 -0.7773986082776696 -0.83013418969967301 -0.84723299893546633 -0.79622301818476249
leaf_weight=55.004311054944992 21.041917651891708 19.934448301792145 21.411074101924896 169.07365411520004 290.15696972608566 250.65722957253456 23.256856352090836 186.05485081672668 21.780230551958084 23.626012802124023 136.21873006224632 30.270828902721405 19.196135401725769 123.66741076111794 35.808175653219223 14.766258001327513 18.457822501659393 118.13006401062012 81.583575457334518 29.163359552621841 82.321888357400894 195.28376206755638 19.196135401725769 233.30687642097473 21.041917651891708 38.392270803451538 16.612040251493454 97.088146358728409 40.238053053617477 21.780230551958084
leaf_count=149 57 54 58 458 786 679 63 504 59 64 369 82 52 335 97 40 50 320 221 79 223 529 52 632 57 104 45 263 109 59
internal_value=-0.826536 -0.811154 -0.841325 -0.815757 -0.856055 -0.835977 -0.822547 -0.815545 -0.823241 -0.785138 -0.831666 -0.807187 -0.810365 -0.839723 -0.826978 -0.822407 -0.836967 -0.778175 -0.819716 -0.828867 -0.846063 -0.833818 -0.805341 -0.800606 -0.820615 -0.818532 -0.813069 -0.8169 -0.830432 -0.823921
internal_weight=2454.52 1203.08 1251.44 1022.19 333.348 918.092 570.347 351.806 43.1913 180.887 667.435 451.847 39.1306 245.489 421.946 285.727 224.447 141.756 296.802 110.747 100.78 218.541 421.577 252.503 270.961 249.919 171.289 154.677 78.6303 118.868
internal_count=6649 3259 3390 2769 903 2487 1545 953 117 490 1808 1224 106 665 1143 774 608 384 804 300 273 592 1142 684 734 677 464 419 213 322
is_linear=0
shrinkage=1


Tree=1
num_leaves=31
num_cat=0
split_feature=72 77 79 51 29 0 110 2 31 96 0 67 48 58 57 63 56 65 92 44 98 49 2 25 52 11 51 74 57 72
split_gain=23.3474 14.8406 10.4858 8.52557 8.87601 8.10541 8.08499 9.59655 7.11107 6.99232 6.83011 6.77032 9.70572 8.86884 8.15917 7.93299 9.21609 9.20665 10.0636 9.72142 7.691 6.88939 7.35774 6.42013 6.38154 6.66487 7.26083 6.2089 6.5401 5.93864
threshold=1.6607001423835757 1.2674949765205386 1.7878023982048037 2.0209003686904912 1.6357142925262453 6.5000000000000009 1.0000000180025095e-35 10.500000000000002 1.8944444060325625 3.1872917413711552 10.500000000000002 -0.033475000411272042 1.7528015375137331 0.69761356711387645 -0.91029000282287587 1.6236699819564822 1.762430012226105 1.3134471178054812 2.5540000200271611 0.15476191043853763 0.5000000149011613 1.3185600042343142 2.5000000000000004 0.66428571939468395 1.6668399572372439 0.30000000447034841 1.7816148400306704 -0.46434725821018213 -0.23854000121355054 1.519315302371979
decision_type=10 8 10 2 2 2 2 2 2 10 2 8 2 10 8 10 10 10 10 2 2 2 2 2 2 2 2 10 10 10
left_child=2 10 5 4 29 -1 9 -8 -3 11 -2 12 13 14 -7 16 17 18 19 -15 -17 22 -18 -13 -25 -26 -27 -21 -29 -4
right_child=1 8 3 -5 -6 6 7 -9 -10 -11 -12 23 -14 15 -16 20 21 -19 -20 27 -22 -23 -24 24 25 26 -28 28 -30 -31
leaf_value=-1.3424218837366062 -1.3332423221480578 -1.3502678615652079 -1.321013784517427 -1.3586373809121668 -1.3599332619081612 -1.3302064191808221 -1.3123571013320052 -1.3570915991739694 -1.3674520526907281 -1.2990151170439252 -1.3674082156443013 -1.3530376813080356 -1.2990151170439252 -1.2990151170439252 -1.2731446840950875 -1.3236536246142472 -1.2946302979000546 -1.3004288019045176 -1.3638965203124394 -1.3651284456909554 -1.3473823270148064 -1.2758789574961842 -1.3382127427239827 -1.3405653308822265 -1.3144466033642848 -1.3162620723431506 -1.3585581770055362 -1.3049623430091755 -1.3428393477222846 -1.3584212964079234
leaf_weight=345.56823039054871 112.4836186170578 122.92024302482605 56.821621775627136 97.69840070605278 31.599779456853867 13.625592976808546 76.825151890516281 14.205405443906782 117.99183705449104 13.335686743259428 16.814561545848846 74.505902022123337 22.612686216831207 19.133811414241791 11.596249341964723 44.645559966564178 17.104467779397964 17.684280246496201 30.440154522657394 17.394374012947083 145.24302300810814 11.886155575513838 22.322779983282089 311.06938859820366 55.082184374332428 17.394374012947083 24.352123618125916 16.814561545848846 35.368560492992401 13.04578050971031
leaf_count=1192 388 424 196 337 109 47 265 49 407 46 58 257 78 66 40 154 59 61 105 60 501 41 77 1073 190 60 84 58 122 45
internal_value=-1.34006 -1.35135 -1.33738 -1.34809 -1.33794 -1.33581 -1.33355 -1.31934 -1.35868 -1.33496 -1.33769 -1.33549 -1.33089 -1.33268 -1.30397 -1.33459 -1.32732 -1.33409 -1.33909 -1.33058 -1.3418 -1.30925 -1.31931 -1.33954 -1.33708 -1.32587 -1.34093 -1.33926 -1.33063 -1.328
internal_weight=1927.59 370.21 1557.38 199.166 101.467 1358.21 1012.64 91.0306 240.912 921.612 129.298 908.276 425.872 403.26 25.2218 378.038 188.149 136.836 119.151 88.7113 189.889 51.3134 39.4272 482.404 407.898 96.8287 41.7465 69.5775 52.1831 69.8674
internal_count=6649 1277 5372 687 350 4685 3493 314 831 3179 446 3133 1469 1391 87 1304 649 472 411 306 655 177 136 1664 1407 334 144 240 180 241
is_linear=0
shrinkage=1


Tree=2
num_leaves=31
num_cat=0
split_feature=1 31 93 78 0 88 71 71 78 77 52 69 51 63 87 79 27 93 93 29 1 36 4 4 3 37 66 52 90 55
split_gain=130.437 70.8523 55.2918 32.1604 25.0554 24.3062 22.4193 16.9785 13.3183 12.3939 12.1444 11.6329 10.9086 10.5506 8.8918 8.41573 9.36266 8.09399 7.99429 12.6216 7.94752 7.80458 7.74453 7.4264 7.02779 6.7222 6.65914 6.51577 6.35025 11.6451
threshold=5.5000000000000009 1.2111111283302309 1.2557861208915713 -0.23176499456167218 7.5000000000000009 0.035714286379516132 0.17928500473499301 -0.28263500332832331 -0.23826000094413755 1.8859366774559023 2.4967845678329472 1.2364722490310671 2.0209003686904912 1.601350009441376 -0.25000000745058054 1.6310614347457888 1.9071428179740908 0.76308000087738048 0.76898333430290233 0.97857141494750988 13.500000000000002 0.73214286565780651 5.8385417461395273 3.2027778625488286 4.1927082538604745 0.29285715520381933 1.0795300006866457 1.2380985617637636 1.9563599824905398 1.019149959087372
decision_type=2 2 10 10 2 2 10 10 8 10 2 8 2 10 2 10 2 10 10 2 2 2 2 2 2 2 10 2 8 8
left_child=2 3 4 21 10 12 9 15 -6 20 11 14 -4 18 -1 16 -5 -8 19 24 23 28 -14 -3 -10 -26 -20 -13 -2 -30
right_child=1 6 5 7 8 -7 17 -9 13 -11 -12 27 22 -15 -16 -17 -18 -19 26 -21 -22 -23 -24 -25 25 -27 -28 -29 29 -31
leaf_value=-1.1426309786523912 -1.2246184825807609 -1.1703773858342568 -1.1663119781885622 -1.1864300468651536 -1.2237669739976134 -1.2082917310517129 -1.2211427651604485 -1.1994898388902901 -1.2034088229555253 -1.2401668837520139 -1.1644613075438803 -1.2285127151676893 -1.1595670973218417 -1.1423978155668293 -1.200325888824207 -1.1545222960160479 -1.1450092421251226 -1.2360333898626583 -1.1801924414360052 -1.1998599908681162 -1.2184925427970295 -1.1789477046549102 -1.1169877976709004 -1.2065082875647597 -1.1790571795303566 -1.1490339956943603 -1.1484822617995873 -1.2042236401900159 -1.1797829475908215 -1.2095657030720066
leaf_weight=12.614245414733888 53.925899147987366 15.137094497680662 24.597778558731079 101.22931945323944 15.452450633049009 14.506382226943968 171.86909377574921 111.6360719203949 15.137094497680662 36.896667838096619 21.12886106967926 33.112394213676453 13.875669956207274 21.444217205047607 14.191026091575621 40.996297597885132 15.767806768417357 194.5747355222702 33.112394213676453 76.316184759140015 163.66983425617218 23.33635401725769 46.357351899147034 235.25567698478699 43.203790545463562 32.797038078308105 33.112394213676453 166.19268333911896 37.212023973464966 278.1441113948822
leaf_count=40 171 48 78 321 49 46 545 354 48 117 67 105 44 68 45 130 50 617 105 242 519 74 147 746 137 104 105 527 118 882
internal_value=-1.20196 -1.21002 -1.18265 -1.19786 -1.18921 -1.14848 -1.21986 -1.18456 -1.17869 -1.2124 -1.20071 -1.2041 -1.13825 -1.17596 -1.17318 -1.17402 -1.18085 -1.22905 -1.17904 -1.18486 -1.20992 -1.20699 -1.1268 -1.20432 -1.1723 -1.1661 -1.16434 -1.20826 -1.20876 -1.20605
internal_weight=2096.8 1479.65 617.152 662.248 517.815 99.3372 817.403 269.629 270.576 450.959 247.239 226.11 84.8308 255.123 26.8053 157.993 116.997 366.444 233.679 167.454 414.063 392.618 60.233 250.393 91.1379 76.0008 66.2248 199.305 369.282 315.356
internal_count=6649 4692 1957 2100 1642 315 2592 855 858 1430 784 717 269 809 85 501 371 1162 741 531 1313 1245 191 794 289 241 210 632 1171 1000
is_linear=0
shrinkage=1


Tree=3
num_leaves=31
num_cat=0
split_feature=2 74 97 2 78 64 71 71 64 93 48 77 3 49 78 0 65 80 4 62 73 91 78 2 74 67 91 39 70 71
split_gain=204.88 48.2953 35.3741 22.199 21.8189 16.3313 14.2928 13.5859 10.893 8.61202 8.44794 9.06053 8.32468 8.03255 7.66246 7.45346 7.11303 8.13302 7.79457 7.06005 7.52076 7.20117 7.68978 6.93951 7.4178 6.22305 6.2929 6.14105 6.19649 5.76402
threshold=-2.4999999999999996 -0.078695174306631074 0.94735580682754528 7.5000000000000009 0.43465501070022589 1.0248999595642092 -0.29354000091552729 0.40402999520301824 -0.68983998894691456 0.44930888712406164 2.0016077756881718 1.4857500195503237 6.9635417461395273 1.8504822850227358 -0.33311501145362848 11.500000000000002 1.7584485411643984 1.1413913369178774 7.1197917461395273 1.6014299988746645 1.2393414378166201 0.48481000959873205 -0.19748666882514951 5.5000000000000009 -0.2781690508127212 -0.80635786056518544 0.63840001821517955 9.5000000000000018 1.2563849687576296 0.95252215862274181
decision_type=2 8 10 2 10 10 8 10 8 10 2 10 2 2 10 2 8 10 2 10 10 8 10 2 10 8 10 2 10 10
left_child=2 4 6 5 8 7 14 12 23 13 11 -4 -3 19 -1 -5 17 -9 -18 21 -21 22 -8 24 25 26 -2 -14 -29 -11
right_child=1 3 10 15 -6 -7 9 16 -10 29 -12 -13 27 -15 -16 -17 18 -19 -20 20 -22 -23 -24 -25 -26 -27 -28 28 -30 -31
leaf_value=0.0077165280693182589 0.0045462307839115703 0.0078151082607038815 0.0010514371174795837 -0.046273240173230971 -0.03416813219999161 -0.023102841742051239 0.0027996722720385948 0.0028482917610786387 -0.018189122746644342 0.022262400261450262 0.049014021483759267 0.035943929339456761 0.016428186056735631 0.027434096843356015 -0.020850854587584556 -0.014513736136870648 0.022248588562609372 0.034451436701781697 -0.024880695956426255 0.012879601540699913 -0.034844196955651711 0.0066967726403162481 0.039336831477404327 -0.02554383850333844 0.038230982965234805 0.026807068616934455 -0.036270722854527697 -0.013979935774664774 0.003761313146729776 0.050923302502819526
leaf_weight=58.014358669519424 25.092611014842987 197.93638005852699 23.704217821359634 20.923408269882202 203.77517679333687 60.358431935310364 22.525105118751526 28.830472141504288 431.52719256281853 193.02684479951859 91.14722952246666 86.487284123897552 27.697868674993515 69.933850526809692 39.424201428890228 157.77667519450188 17.735232383012772 69.27287968993187 17.360956817865372 15.162606984376906 18.121574491262436 198.94550496339798 39.926509708166122 19.520870804786682 15.878801763057707 15.12387630343437 15.140893727540968 159.06560498476028 71.268904060125351 19.295891106128693
leaf_count=157 68 536 64 57 556 164 61 78 1173 521 245 233 75 189 107 429 48 187 47 41 49 538 108 53 43 41 41 431 193 52
internal_value=1.93369e-05 -0.0108783 0.0193613 -0.00262611 -0.0202917 0.00166753 0.0138704 0.00420518 -0.0148776 0.0168618 0.0377528 0.0284379 0.000101449 0.0122002 -0.003842 -0.0182324 0.0182531 0.0251639 -0.00106475 0.00858485 -0.0131036 0.0113465 0.0261586 0.000867775 0.00810536 -0.000535928 -0.0108142 -0.00581569 -0.00849053 0.0248671
internal_weight=2430 1554.29 875.715 828.227 726.059 649.527 674.376 589.168 522.284 576.938 201.339 110.192 455.969 364.615 97.4386 178.7 133.2 98.1034 35.0962 294.681 33.2842 261.397 62.4516 90.7571 71.2362 55.3574 40.2335 258.032 230.335 212.323
internal_count=6585 4220 2365 2245 1975 1759 1823 1595 1419 1559 542 297 1235 986 264 486 360 265 95 797 90 707 169 246 193 150 109 699 624 573
is_linear=0
shrinkage=0.05


Tree=4
num_leaves=31
num_cat=0
split_feature=93 71 33 2 3 98 64 79 62 79 48 4 48 91 71 94 76 96 95 60 50 26 69 32 49 88 53 28 32 97
split_gain=19.602 11.9906 9.92217 7.99564 7.93632 11.1523 7.33989 9.48221 15.7152 7.62399 10.4129 7.32723 8.56842 7.48406 7.1911 7.17515 7.17135 7.01456 6.55461 6.50782 6.34173 6.33802 8.13322 8.34799 8.78357 6.75268 6.39775 8.12134 7.26885 6.29344
threshold=1.091541111469269 -0.18408499658107755 2.1055555343627934 -6.4999999999999991 3.7968750000000004 0.70000001788139354 0.93827000260353099 0.98997637629508983 0.82289001345634472 2.2815814018249516 1.9694533944129946 7.0329861640930185 1.2931107282638552 0.63236999511718761 -0.22272999584674832 2.3604285717010502 0.94175332784652721 2.3266887664794926 1.0742792487144472 0.50096142292022716 1.4217759966850283 1.1642857193946841 1.7996949553489687 1.4722222089767458 1.0525690913200381 0.43571428954601293 1.5321543812751772 1.8499999642372134 2.154761910438538 0.43312482535839086
decision_type=10 8 2 2 2 2 8 10 10 8 2 2 2 10 10 10 8 8 10 10 2 2 10 2 2 2 2 2 2 8
left_child=1 2 11 4 5 -3 7 8 -5 10 19 12 16 20 -13 -2 -1 -10 21 -8 -14 26 23 24 29 -26 28 -28 -9 -23
right_child=15 3 -4 6 -6 -7 9 18 17 -11 -12 14 13 -15 -16 -17 -18 -19 -20 -21 -22 22 -24 -25 25 -27 27 -29 -30 -31
leaf_value=0.029051040691992894 0.0057680330937708284 -0.020455019013863082 -0.0099030318468790075 -0.020471718282338451 -0.012245805538638441 0.042639957264346162 0.023335913820074161 -0.018314822776554673 0.071093483698575127 0.0038393360005764491 0.059454036482899299 0.01715754787254346 -0.0045822211280758243 0.043387462406258501 0.057906371831489778 -0.01475921415497207 -0.0031357242120450528 0.01784161445186631 -0.02094075560814445 -0.016931383860853154 0.038099597155530025 0.0033002068034531187 -0.0163401465467636 0.020366599409637972 -0.01927330494279926 0.019513633120974753 -0.0067802480399897563 0.041193246044104737 0.019880768226842441 0.042181225208062514
leaf_weight=19.50918647646904 51.04040116071701 12.159580856561663 59.384220719337463 14.189478665590284 199.44413515925407 16.516433566808701 34.281027466058731 123.05952250957489 12.875999033451082 335.22249004244804 14.81044480204582 156.14138907194138 28.25545534491539 24.799838483333588 11.63360023498535 256.53749760985374 153.21195286512375 11.898629128932951 51.896991044282913 14.186134248971937 12.57650116086006 31.950899481773376 43.558413535356522 77.078224956989288 57.960371166467667 13.915426403284071 28.675294995307922 12.74205246567726 13.858793646097181 15.435636222362517
leaf_count=67 176 42 204 49 690 57 118 425 44 1153 51 536 97 85 40 892 527 41 180 49 43 110 151 266 200 48 99 44 48 53
internal_value=0.000207947 0.00242865 0.00918687 -0.000341441 -0.00870953 0.0158856 0.00176184 -0.00221633 0.0214866 0.00684407 0.0227621 0.0119782 0.00634362 0.0217225 0.0199831 -0.0113529 0.000499833 0.045518 -0.00418081 0.0115498 0.00856405 -0.00210113 0.00320577 0.00754206 -0.000746327 -0.011764 -0.00924004 0.0079788 -0.0144487 0.0159653
internal_weight=1908.81 1601.23 465.512 1135.72 228.12 28.676 907.596 509.096 38.9641 398.5 63.2776 406.128 238.353 65.6318 167.775 307.578 172.721 24.7746 470.132 48.4672 40.832 418.235 239.899 196.341 119.262 71.8758 178.336 41.4173 136.918 47.3865
internal_count=6585 5517 1599 3918 789 99 3129 1758 134 1371 218 1395 819 225 576 1068 594 85 1624 167 140 1444 828 677 411 248 616 143 473 163
is_linear=0
shrinkage=0.05


Tree=5
num_leaves=31
num_cat=0
split_feature=2 97 67 73 71 2 88 76 95 45 71 77 67 0 34 4 49 96 73 0 50 66 30 27 56 71 4 87 63 35
split_gain=177.765 61.5756 34.6868 18.1931 17.4609 14.9719 12.1421 11.2438 10.1995 10.8998 9.86454 10.9182 10.2156 10.0318 9.66803 9.61468 7.68915 7.4137 7.08083 7.51452 6.62403 6.58514 6.56726 6.04644 6.30025 5.77154 5.85039 6.18752 5.64291 6.25479
threshold=-1.4999999999999998 0.77585896849632274 -0.033475000411272042 1.3165959715843203 -0.80434498190879811 8.5000000000000018 -1.821428596973419 1.8080949783325198 0.64663785696029674 0.18333333730697635 0.11424000188708307 1.3523699641227724 0.14473214000463488 19.500000000000004 0.47222222387790685 15.166666507720949 1.4375107288360598 2.8022457361221318 1.1932458281517031 16.500000000000004 0.77331191301345836 0.96287479996681224 9.5000000000000018 0.61428573727607738 1.4367600083351137 -0.33412499725818628 7.0850694179534921 -0.0071428571827710776 1.1138899922370913 0.29285715520381933
decision_type=2 10 10 8 10 2 2 8 10 2 8 8 8 2 2 2 2 10 10 2 2 10 2 2 10 8 2 2 10 2
left_child=3 5 4 7 -3 10 -4 -1 -8 -10 11 18 17 15 -11 20 23 -13 -2 21 -12 -20 -7 24 -5 26 27 -25 -23 -30
right_child=1 2 6 16 -6 22 8 -9 9 14 13 12 -14 -15 -16 -17 -18 -19 19 -21 -22 28 -24 25 -26 -27 -28 -29 29 -31
leaf_value=-0.028468374950611643 0.051655636401688979 0.029193749125427271 0.066746336418884 -0.0025509815604822655 -0.021124011785033557 -0.010806916384770968 0.069398470503547388 0.0045455707925301523 0.044897325438127182 0.026988505821389275 0.013296405466473 0.0016949344615987518 -0.022050327571544383 0.032903962959685729 -0.015117645629273783 0.03022051485490377 -0.017729661797082592 0.02862606337729719 0.03700716741251258 0.046943485575215993 -0.010408072670832141 -0.022179334431324076 0.021551431632979512 0.053189130200424761 -0.032190150585269091 -0.0054254144667355798 -0.0073156026429851348 0.005386377158303271 -0.0096407267551350123 0.026621929993853984
leaf_weight=342.64639353752136 15.563499450683592 28.439555257558823 31.561282515525818 35.677951008081436 43.785027593374252 17.48905336856842 18.667871206998825 27.889615833759308 87.648690670728683 129.40591132640839 32.801560282707214 151.69217148423195 38.702314138412476 17.366354644298553 15.238185763359068 17.335859417915344 237.91967126727104 30.731505513191223 17.095735549926758 15.830097466707228 290.29537397623062 17.469881474971771 151.60473734140396 13.879603773355486 36.041526615619659 134.45859712362289 17.344020813703537 13.214368104934691 20.926425755023956 27.54228287935257
leaf_count=1103 49 89 97 114 140 55 58 89 271 403 104 480 122 55 48 55 761 97 54 50 922 55 476 44 115 429 55 42 66 87
internal_value=-0.000213807 0.0120772 0.029612 -0.0176286 -0.00131061 0.00486467 0.0375172 -0.0259835 0.0338412 0.0309837 0.00161133 0.00776975 0.00128177 -0.00416421 0.0225526 -0.00605516 -0.0112917 0.00623181 0.0203075 0.0153725 -0.00800154 0.00935369 0.0182047 -0.00517984 -0.0174457 -0.000262464 0.0153594 0.0298746 0.00218404 0.0109655
internal_weight=2076.27 1217.19 354.747 859.072 72.2246 862.447 282.522 370.536 250.961 232.293 693.353 335.554 221.126 357.799 144.644 340.433 488.536 182.424 114.428 98.8644 323.097 83.0343 169.094 250.616 71.7195 178.897 44.438 27.094 65.9386 48.4687
internal_count=6585 3833 1106 2752 229 2727 877 1192 780 722 2196 1060 699 1136 451 1081 1560 577 361 312 1026 262 531 799 229 570 141 86 208 153
is_linear=0
shrinkage=0.05


Tree=6
num_leaves=31
num_cat=0
split_feature=2 97 71 93 71 62 16 83 93 51 58 2 49 7 90 26 64 78 95 94 3 29 64 45 89 74 2 52 25 72
split_gain=186.439 39.7006 34.5648 20.6768 19.9229 18.358 11.4629 11.3545 11.3293 9.47701 8.42291 7.45582 6.98542 7.79675 6.5957 6.11311 6.10147 6.10076 6.23233 7.22112 6.00325 6.12492 5.8905 6.69882 9.09564 6.06682 5.84771 6.48767 7.43915 9.3731
threshold=-1.4999999999999998 1.1046578884124758 0.18555499613285067 0.75071999430656444 -0.18408499658107755 1.3052499890327456 2.3000000715255742 1.0000000180025095e-35 0.44930888712406164 1.5008038878440859 1.8127763867378237 -5.4999999999999991 1.8504822850227358 1.5000000000000002 2.7215099334716801 1.3785714507102969 -0.68983998894691456 -0.99534001946449269 0.17531999945640567 2.2886685132980351 7.2343750000000009 0.57857143878936779 -0.50306999683380116 0.21111111342906955 -0.15000000596046445 -0.015739711001515385 -11.499999999999998 0.63183277845382702 1.3357142806053164 1.409022390842438
decision_type=2 10 8 10 8 8 2 2 10 2 10 2 2 2 10 2 8 8 8 10 2 2 8 2 2 10 2 2 2 10
left_child=1 4 3 16 17 14 10 -3 11 -5 20 12 13 -6 -4 -13 -2 -1 -19 -20 21 -7 -18 24 -24 -25 -10 -28 29 -29
right_child=2 7 5 9 8 6 -8 -9 26 -11 -12 15 -14 -15 -16 -17 22 18 19 -21 -22 -23 23 25 -26 -27 27 28 -30 -31
leaf_value=0.023600583921509138 0.0013354842651314008 0.0088029175949478761 0.0064115518135209873 -0.014579266935695022 0.024233610250554871 -0.025753068373495877 -0.021432100343159011 0.043658535326907534 0.039836127905858013 -0.03280030412998157 0.017485969277130239 0.0097762800350412252 0.034995107319092625 0.0024687329030113944 0.038337003954863835 -0.0081175634901019447 -0.031508437123435255 -0.025558734556347752 0.012343758300982685 -0.012457770445145299 -0.012862033064726761 0.0033942696002657864 0.0074635282542667982 -0.011695667177027106 -0.029437560840931017 0.0063055481317953466 -0.010712766379263314 0.015636560371699113 0.016074239271159068 0.051769169918336348
leaf_weight=18.521019607782364 77.029479563236237 27.869170725345612 31.039450585842133 100.92434802651405 75.227023899555206 19.847788244485855 89.548838555812836 144.56180474162102 44.326582551002502 243.62263810634613 50.330353677272797 139.62760689854622 42.740401744842529 90.827897906303406 33.789461553096771 72.520925968885422 42.952879190444946 34.292120009660721 53.118931382894516 65.5846166908741 130.67442375421524 196.10799020528793 20.551106780767441 227.09596192836761 89.094550609588623 58.956898033618927 15.971186548471449 32.687759041786194 155.11910799145699 39.80424889922142
leaf_count=50 209 75 84 276 203 54 244 387 119 670 136 377 115 245 91 196 117 93 144 178 355 532 56 619 243 160 43 88 417 107
internal_value=0.0001614 0.0160858 -0.0117157 -0.0179795 0.0117888 -0.00194252 -0.00527304 0.038025 0.0154887 -0.027463 -0.00162777 0.010261 0.0169686 0.0123288 0.0230514 0.00365944 -0.0116431 -0.00350232 -0.00678329 -0.00135928 -0.00440307 0.000715433 -0.0139222 -0.0120133 -0.0225211 -0.00798553 0.0231319 0.0200921 0.0222537 0.0354764
internal_weight=2464.37 1052.8 1411.57 860.228 880.369 551.338 486.509 172.431 708.853 344.547 396.961 420.944 208.795 166.055 64.8289 212.149 515.681 171.517 152.996 118.704 346.63 215.956 438.651 395.699 109.646 286.053 287.909 243.582 227.611 72.492
internal_count=6683 2837 3846 2350 2375 1496 1321 462 1910 946 1077 1136 563 448 175 573 1404 465 415 322 941 586 1195 1078 299 779 774 655 612 195
is_linear=0
shrinkage=0.05


Tree=7
num_leaves=31
num_cat=0
split_feature=93 72 63 94 65 2 71 94 76 81 44 76 56 4 49 38 49 48 110 27 39 24 35 25 91 89 1 87 60 66
split_gain=25.5662 11.5007 9.21445 8.18153 6.34977 5.95688 7.38099 7.56364 7.1243 10.3989 6.31754 7.70027 6.50795 6.56541 5.74474 7.37374 5.70706 5.5384 5.45388 7.55993 6.02825 5.32111 5.25161 6.46005 8.55937 8.53151 6.46296 7.18339 6.54984 8.38862
threshold=1.179504990577698 1.6607001423835757 1.2628999948501589 2.646867156028748 0.88162571191787731 -6.4999999999999991 -0.18408499658107755 2.3491035699844365 1.0570899844169619 -0.15373213589191434 0.18333333730697635 0.94175332784652721 1.1467300057411196 7.909722328186036 1.4548434019088747 0.13392857462167743 2.255627036094666 1.8006774187088015 1.0000000180025095e-35 1.0357143282890322 6.5000000000000009 2.442857146263123 0.29285715520381933 1.2928571105003359 0.18264000117778781 0.050000000745058067 8.5000000000000018 -0.25000000745058054 0.12057071551680566 1.0197071433067324
decision_type=10 10 8 10 10 2 8 10 8 10 2 10 8 2 2 2 2 2 2 2 2 2 2 2 8 2 2 2 10 8
left_child=1 5 16 4 -2 6 7 -1 9 10 11 -7 -12 -14 -8 -16 -3 -17 20 -20 -10 -18 -22 26 25 -25 27 28 29 -24
right_child=3 2 -4 -5 -6 8 14 -9 18 -11 12 -13 13 -15 15 17 21 -19 19 -21 22 -23 23 24 -26 -27 -28 -29 -30 -31
leaf_value=-0.0040697909086595705 -0.025773282237261469 -0.0025596815407008706 -0.015165856119217292 -0.019703818365382056 0.0081047731543300288 0.053834872777506898 -0.016493679750181137 0.038173176269624763 -0.018881925200266925 0.055468830146762488 0.036119834984545969 0.0065232003139329281 0.0077937441188041696 -0.024147953645576092 -0.011165077293764408 0.00061649913689458687 0.0025115494249180591 0.038920704205694275 0.040320540464911292 0.0075795238557028388 0.0078728569953943912 0.046324133513101239 0.040120740553519135 -0.013256080496631482 -0.012928397132610346 0.042328928312248049 -0.0032611083892208127 0.029117925392570861 -0.019815433592726337 0.0035639096665301255
leaf_weight=22.918675661087036 18.326956003904343 96.5445616543293 151.87092632055283 192.23329395055771 56.383541464805603 17.09565407037735 91.108636289834976 19.708942979574203 30.437355935573578 14.880846738815306 14.695134997367857 17.306507527828217 67.636439383029938 21.10795983672142 50.308805465698242 20.793817639350891 14.715274572372438 17.278518885374069 23.282020419836044 72.636736214160919 413.57565459609032 13.09933766722679 19.296757310628891 12.502130180597307 137.6314669251442 15.41450598835945 146.4043043255806 41.660624444484711 21.717249274253845 84.017191559076309
leaf_count=78 64 335 532 677 195 58 316 67 105 51 50 59 231 72 175 72 51 60 79 248 1418 45 66 43 473 53 503 143 75 289
internal_value=0.000120864 0.00241798 -0.00690223 -0.0142468 -0.000205727 0.00426561 -0.00324166 0.0154613 0.00568924 0.0157598 0.0114729 0.030034 0.00529984 0.000196374 -0.00768348 0.0013986 0.00318955 0.0180002 0.00417929 0.0155266 0.00299963 0.0231452 0.0037461 0.000180342 -0.00780803 0.0174358 0.00440415 0.0111365 0.00514506 0.0103919
internal_weight=1936.59 1669.65 276.23 266.944 74.7105 1393.42 222.117 42.6276 1171.3 152.723 137.842 34.4022 103.44 88.7444 179.49 88.3811 124.359 38.0723 1018.58 95.9188 922.657 27.8146 892.22 478.644 165.548 27.9166 313.096 166.692 125.031 103.314
internal_count=6683 5747 963 936 259 4784 768 145 4016 521 470 117 353 303 623 307 431 132 3495 327 3168 96 3063 1645 569 96 1076 573 430 355
is_linear=0
shrinkage=0.05


Tree=8
num_leaves=31
num_cat=0
split_feature=2 93 79 93 2 69 76 87 71 52 24 67 89 53 22 93 45 27 87 67 96 28 32 80 88 88 51 36 48 59
split_gain=157.037 72.7705 27.6517 21.4477 16.8584 12.5606 11.902 10.4981 10.1616 11.1307 9.98297 8.90406 10.3512 8.36855 10.2484 9.90297 11.3118 8.18419 7.85261 6.60909 6.10531 6.76185 5.99174 6.65594 5.95778 8.02409 5.8911 5.99357 7.34534 5.82392
threshold=-1.4999999999999998 1.1019699573516848 1.7878023982048037 0.73562002182006847 7.5000000000000009 0.8702400028705598 1.1552999615669253 -2.0500000715255733 0.12073499709367753 2.4228569269180302 1.1428571343421938 -0.08404285833239554 0.94999998807907116 1.0659163594245913 0.30000000447034841 0.3928349912166596 0.18333333730697635 1.3642857074737551 -1.2499999999999998 -0.57103571295738209 3.1476720571517949 1.2071428894996645 1.1833333373069765 1.1006001830101015 -0.59285715222358693 -0.064285716041922555 1.0074707269668581 0.41428571939468389 0.8553123176097871 0.88674858212471019
decision_type=2 10 10 10 2 10 10 2 10 2 2 10 2 2 2 8 2 2 2 10 8 2 2 10 2 2 2 2 2 8
left_child=3 4 5 29 6 -3 -2 -6 13 -10 17 -7 -13 15 20 -8 -17 19 -4 -9 21 -15 23 -20 -12 -26 -23 -28 -29 -1
right_child=1 2 18 -5 7 11 8 10 9 -11 24 12 -14 14 -16 16 -18 -19 22 -21 -22 26 -24 -25 25 -27 27 28 -30 -31
leaf_value=-0.031651647353058573 -0.0057189793061160829 0.051907449428740343 0.068633632720655896 -0.028083679203197411 0.059797824404583338 -0.025031505151742874 0.060358859923863362 0.0046405558136595922 -0.0066687735699747386 0.034835181989502119 0.047051293767445698 0.0382297059373915 -0.011352311013641973 0.0048756769960588871 -0.011186800549596823 0.048201087332167276 -0.0028274867290536041 0.00034753333085925744 0.080109823802052352 0.041325679195628913 -0.0088819985382748226 0.053244030354003415 0.030075091745597422 0.034491358460419314 -0.0029658660703479529 0.034821299912118651 0.036360844224328663 0.027189340214329151 -0.017892297504231342 -0.010020836328661535
leaf_weight=32.920285940170288 300.83192464709282 18.312083840370178 50.494684636592865 273.97601738572121 13.338290631771086 17.831644892692566 17.946864187717438 22.70888876914978 156.65523943305016 18.011465758085251 28.187378585338593 24.577652662992477 18.412272244691849 56.687037974596024 51.567425727844238 17.525127381086349 28.557717502117157 121.64290472865105 17.3011634349823 26.726761549711227 24.225565791130066 17.255540758371353 40.20885157585144 14.866724640130995 24.158911198377609 33.572134554386139 31.942891806364059 19.872200071811676 16.569187611341476 568.34964343905449
leaf_count=107 956 56 151 900 41 57 56 71 499 56 87 75 56 178 162 54 89 377 52 83 76 54 122 45 75 104 100 62 52 1830
internal_value=-0.000300115 0.0112194 0.0386547 -0.0164886 0.00582823 0.0156034 0.00200348 0.0165475 0.00708904 -0.00238892 0.0143028 0.00467304 0.0169941 0.0129564 0.00829094 0.0288497 0.0165785 0.0073192 0.0535005 0.0244739 0.0143216 0.0182711 0.0429427 0.0590268 0.0282085 0.0190084 0.0271378 0.0205504 0.0066916 -0.0112052
internal_weight=2105.23 1229.99 202.005 875.246 1027.98 79.1337 757.648 270.335 456.816 174.667 256.997 60.8216 42.9899 282.15 218.12 64.0297 46.0828 171.079 122.871 49.4357 166.552 142.327 72.3767 32.1679 85.9184 57.731 85.6398 68.3843 36.4414 601.27
internal_count=6683 3846 614 2837 3232 244 2394 838 1438 555 797 188 131 883 684 199 143 531 370 154 522 446 219 97 266 179 268 214 114 1937
is_linear=0
shrinkage=0.05


Tree=9
num_leaves=31
num_cat=0
split_feature=2 2 93 74 76 69 27 60 77 78 93 34 91 0 93 3 3 47 74 24 92 2 14 88 24 87 66 64 93 59
split_gain=174.537 37.2719 34.6228 20.706 13.5358 13.2182 12.4894 11.2107 9.36945 8.38245 8.28466 8.2111 7.40497 7.10457 10.1329 8.58625 6.88117 7.54263 6.88007 6.47393 6.40756 6.39189 5.97119 7.21396 8.15271 5.90556 5.72181 5.56209 5.56184 7.60676
threshold=-1.4999999999999998 7.5000000000000009 0.71195000410079967 -0.078695174306631074 1.4970350265502932 1.4160750508308413 2.1000000238418584 -0.50846216082572926 1.3485950231552126 -0.12240000069141387 1.697999954223633 0.29285715520381933 0.84267002344131481 9.5000000000000018 0.12272500246763231 2.9843750000000004 6.999652862548829 0.26785714924335485 0.12395321577787401 1.1214285492897036 2.7508649826049809 -2.4999999999999996 0.30000000447034841 0.13571429252624514 0.90000000596046459 -0.36428572237491602 1.2113850116729739 -0.68983998894691456 0.22241999953985217 1.2178371548652651
decision_type=2 2 10 8 10 10 2 8 8 10 10 2 10 2 8 2 2 2 8 2 10 2 2 2 2 2 10 8 8 8
left_child=2 3 7 8 20 9 12 -1 -2 -4 -7 -8 16 15 -15 -9 17 18 -5 -19 -3 -17 -16 24 -24 -23 -14 -10 -18 -30
right_child=1 4 5 6 -6 10 11 13 27 -11 -12 -13 26 14 22 21 28 19 -20 -21 -22 25 23 -25 -26 -27 -28 -29 29 -31
leaf_value=-0.0085197295038038183 -0.023237384743158448 -0.018417133904985665 0.019356468669074495 -0.011670067235046397 -0.033849441657020411 0.029187511986954497 0.01864989487510637 -0.022380635143647645 0.0044617675954885172 -0.018236154014309745 0.051894648684740308 -0.017437826149854885 -0.0043734755638448058 0.039843357140697748 -0.012761975988261856 0.017665451252364666 0.01296351413070973 -0.018828486299788155 0.025940881989370973 0.012196071817800538 0.011729086782856191 0.027627098651013551 0.021440242967420725 0.032217187058544594 -0.022711702550497277 -0.0087139489813971988 0.028341997519969703 -0.012675969004860827 -0.031263044484643142 -0.0035446611309683353
leaf_weight=82.661218702793121 184.03891852498055 193.25827524065971 61.47299399971962 14.749756902456282 197.37127196788788 220.96288844943047 18.042478889226913 15.595170974731444 63.010441541671753 19.543050229549408 49.093669593334198 124.72968500852585 18.368551939725876 15.540166258811949 71.044147104024887 395.04135912656784 35.837615460157394 33.239194124937057 69.229849845170975 34.030040949583054 19.395542412996292 14.81209960579872 18.485746294260025 21.113622754812241 24.068377763032913 45.578180462121964 49.063372582197189 190.42898321151733 30.571119844913483 130.02628812193871
leaf_count=224 507 530 165 40 547 591 49 42 171 53 131 340 50 42 192 1063 97 90 187 92 53 40 50 57 65 123 132 521 83 353
internal_value=-0.000194712 -0.011733 0.0151755 -0.00650689 -0.0244197 0.0280015 -0.000120861 0.00877885 -0.0146506 0.0102882 0.0333154 -0.0128773 0.00426651 0.0110804 0.00161352 0.0141003 0.00132557 0.00934184 0.0193351 -0.00313384 -0.0156676 0.0153495 -0.00279661 0.00832331 -0.00353185 0.000199525 0.0194303 -0.00841516 -0.00484671 -0.0088211
internal_weight=2460.4 1405.39 1055.01 995.366 410.025 351.073 557.888 703.94 437.478 81.016 270.057 142.772 415.116 621.279 150.252 471.027 347.684 151.249 83.9796 67.2692 212.654 455.432 134.712 63.6677 42.5541 60.3903 67.4319 253.439 196.435 160.597
internal_count=6680 3842 2838 2712 1130 940 1513 1898 1199 218 722 389 1124 1674 406 1268 942 409 227 182 583 1226 364 172 115 163 182 692 533 436
is_linear=0
shrinkage=0.05


Tree=10
num_leaves=31
num_cat=0
split_feature=97 48 2 62 69 3 4 91 83 28 58 33 97 95 49 78 53 97 60 87 4 63 26 29 63 26 63 28 27 2
split_gain=16.3265 12.0819 8.03639 5.97921 5.8074 8.49672 8.13975 8.25682 11.8539 7.94111 7.6675 7.32475 10.1995 6.58802 7.45832 7.1488 6.65309 6.41601 6.3375 7.82025 7.46674 7.44098 8.99651 5.85856 13.2529 9.57408 5.75219 5.75208 5.64304 10.1824
threshold=0.94735580682754528 1.8850751519203188 14.500000000000002 2.7022399902343754 1.19488000869751 5.1510417461395273 7.0003471374511728 0.58776000142097484 -0.50000001490116108 1.8357142806053164 1.0120006799697878 1.7071428894996645 0.31544661521911627 0.14131071418523791 2.3729902505874638 -0.46326000988483423 0.65029075741767894 0.57943102717399608 0.33952428400516516 0.15000000596046451 13.880208492279055 1.3101899623870852 1.7500000000000002 1.5214285850524905 1.5663999915122988 1.6357142925262453 1.3697599768638613 0.77857142686843883 1.2928571105003359 -12.499999999999998
decision_type=10 2 2 10 8 2 2 8 2 2 10 2 10 10 2 8 2 10 8 2 2 10 2 2 10 2 8 2 2 2
left_child=4 2 3 -2 6 -6 7 -1 -9 13 17 23 -13 15 27 -7 -17 -10 19 20 21 -11 -23 25 26 -8 -25 -15 29 -18
right_child=1 -3 -4 -5 5 9 11 8 10 18 -12 12 -14 14 -16 16 28 -19 -20 -21 -22 22 -24 24 -26 -27 -28 -29 -30 -31
leaf_value=-0.0057871930928652844 -0.00016094093795476839 -0.023449599249652633 -0.033190323029149385 -0.036301756810194548 0.0094528167696698306 0.034315456989023621 0.0023768485634541952 -0.011168437936764492 -0.011225075825722641 0.038047874144494516 0.05475619949582905 0.02866270459877214 -0.026849139248372806 0.0034667920837614464 0.024724361896358849 0.029217331420428202 -0.032694544220885961 0.038879737882704095 0.00052722765431229902 0.053632047075921889 -0.024393130238618013 -0.025218141233816445 0.030689206241008318 0.038999171304166302 0.010126403698263368 0.052614854282211798 0.088225602317128449 -0.012647046489485734 -0.0087879662996968901 0.0086585895764088351
leaf_weight=126.15096434950829 283.57510653138161 103.46757599711418 21.632765024900436 11.925536721944807 232.28176265954971 15.632979243993757 42.724864214658737 26.303067237138748 13.163873791694643 26.948141723871231 19.433806091547012 14.79159241914749 18.780809849500656 67.923779726028442 16.465772062540054 18.104216992855072 16.548434048891068 12.41483962535858 131.28596851229668 13.132982760667799 11.950321257114409 15.053981333971025 13.784884691238402 11.811445832252504 22.419704258441925 12.189203977584837 11.926709324121473 299.93030747771263 154.97808265686035 148.16905251145363
leaf_count=431 988 372 76 42 800 53 145 90 45 92 66 50 64 235 57 62 58 42 453 45 41 52 47 40 76 41 40 1036 533 508
internal_value=0.000101359 -0.00861346 -0.00377303 -0.00161948 0.00252192 0.000880755 0.00836386 0.00190016 0.0154984 -0.00121538 0.0310812 0.0178434 -0.0023913 -0.00366693 -0.00819799 0.0012601 -0.000269668 0.0130937 0.00730968 0.0183204 0.0114741 0.0191574 0.00150539 0.0245646 0.0376947 0.0135281 0.0637319 -0.00967165 -0.0019395 0.00450402
internal_weight=1934.9 420.601 317.133 295.501 1514.3 1182.19 332.111 197.467 71.3156 949.909 45.0125 134.644 33.5724 737.753 384.32 353.433 337.8 25.5787 212.156 80.8703 67.7373 55.787 28.8389 101.072 46.1579 54.9141 23.7382 367.854 319.696 164.717
internal_count=6680 1478 1106 1030 5202 4072 1130 674 243 3272 153 456 114 2542 1328 1214 1161 87 730 277 232 191 99 342 156 186 80 1271 1099 566
is_linear=0
shrinkage=0.05


Tree=11
num_leaves=31
num_cat=0
split_feature=2 93 2 79 93 92 71 77 52 109 0 4 83 59 88 71 51 79 51 24 87 18 51 5 8 2 91 91 71 95
split_gain=153.256 53.2793 21.4665 21.0195 19.3192 12.7228 12.5456 11.4182 9.47012 9.25777 8.91282 9.22607 7.70779 7.56739 7.46171 6.88526 12.791 6.60947 7.19212 6.52281 8.78414 6.16077 5.93828 7.33881 6.80206 5.86957 7.08769 5.812 6.2189 6.4456
threshold=-1.4999999999999998 1.1019699573516848 8.5000000000000018 1.7878023982048037 0.73562002182006847 2.6650300025939946 0.14850000292062762 1.3718850016593935 2.4228569269180302 1.0000000180025095e-35 19.500000000000004 14.109375000000002 -1.4999999999999998 1.2697221636772158 -0.16428571939468381 -0.30473999679088587 0.79903537034988414 1.5515874624252322 1.6929259896278384 1.2500000000000002 -2.0500000715255733 0.90000000596046459 2.1807794570922856 1.0121527314186098 1.5000000000000002 12.500000000000002 1.3541400432586672 1.112049996852875 -0.57273501157760609 0.36537213623523718
decision_type=2 10 2 10 10 10 8 8 2 2 2 2 2 10 2 8 2 8 2 2 2 2 2 2 2 2 10 10 10 10
left_child=4 2 6 5 15 14 7 9 10 22 11 21 -5 -9 -3 16 -1 27 -19 20 -4 -8 23 24 -2 26 -14 28 -15 -30
right_child=1 3 19 12 -6 -7 8 13 -10 -11 -12 -13 25 17 -16 -17 -18 18 -20 -21 -22 -23 -24 -25 -26 -27 -28 -29 29 -31
leaf_value=-0.019421261088093202 0.014543351688032486 0.043349187161957368 0.054676032353828542 0.066980371703379504 -0.027250428539545263 -0.011295045511645369 0.00035819154453731265 -0.017180946669696936 0.028961016935864198 0.054997006250777219 0.030356817058166126 0.021468495383042858 0.055114173284660284 0.016383311009706688 0.0042735170006646351 -0.013351417666179324 0.017636759075843993 0.037681114114070408 -0.0058424554824284929 0.036030373986105153 0.012328381790189032 -0.014445984021907915 0.046781741862276294 0.041339173788036462 -0.011766079321895766 0.064965825343233266 0.021296375484432591 -0.026844280069146426 0.0086331269678610288 -0.018222065691855954
leaf_weight=41.546256572008133 98.284604340791702 34.855277448892593 13.357435941696165 36.561860650777817 264.74308574199677 29.341191917657852 105.20144486427307 42.403375655412674 21.169203132390976 15.893514215946196 16.575682729482651 25.968646675348282 23.62315171957016 64.373883813619614 18.810107439756393 506.57614102959633 52.976653337478638 28.997434169054031 14.110639750957487 53.377795070409775 147.11993849277496 211.68295249342918 13.502920061349867 18.84279990196228 32.754703968763351 18.06546413898468 45.02241063117981 16.330259084701538 47.555799186229706 42.143838137388229
leaf_count=134 305 105 40 106 887 91 334 134 65 49 52 82 70 202 58 1648 169 90 44 163 453 679 41 58 102 53 133 51 149 133
internal_value=0.000134624 0.0114354 0.00678883 0.0346291 -0.0159965 0.0151786 0.00309244 0.00889098 -0.00353789 0.0185673 -0.00545197 -0.00718319 0.0477262 0.00211232 0.0296529 -0.0110399 0.00134841 0.00594396 0.0234345 0.0208894 0.0158532 -0.00953119 0.0150236 0.0121625 0.00796702 0.0396077 0.0329342 0.00151928 0.00452553 -0.00398433
internal_weight=2101.77 1235.93 1029.65 206.279 865.842 83.0066 815.792 435.194 380.598 179.279 359.429 342.853 123.273 255.915 53.6654 601.099 94.5229 213.512 43.1081 213.855 160.477 316.884 163.385 149.882 131.039 86.711 68.6456 170.404 154.074 89.6996
internal_count=6680 3842 3226 616 2838 254 2570 1358 1212 555 1147 1095 362 803 163 1951 303 669 134 656 493 1013 506 465 407 256 203 535 484 282
is_linear=0
shrinkage=0.05


Tree=12
num_leaves=31
num_cat=0
split_feature=2 93 2 72 71 64 81 67 56 74 29 93 2 78 91 7 52 38 90 95 80 30 89 77 87 69 33 42 4 60
split_gain=153.072 35.3857 27.6807 16.7114 16.507 13.2937 12.1224 11.3994 9.48139 8.23936 7.1671 6.99643 6.85015 7.16163 7.88219 11.603 6.79038 6.70883 7.27976 6.51496 6.6001 6.25692 6.25346 6.11916 5.94075 5.66047 5.59281 6.80261 5.47462 9.38049
threshold=-1.4999999999999998 1.091541111469269 7.5000000000000009 1.3284499645233157 -0.29354000091552729 0.186710000038147 0.49762041866779333 1.2222670912742617 1.4098899960517886 0.026802572421729568 1.8785714507102969 1.697999954223633 -12.499999999999998 0.73762500286102306 0.45500999689102178 2.1000000238418584 2.0263233184814458 0.26785714924335485 2.3902000188827519 0.45857571065425878 1.0788959860801699 7.5000000000000009 -0.050000000745058053 1.419999957084656 1.0357143282890322 1.6346299648284914 2.1339285373687749 1.6125000119209292 5.9218750000000009 0.3482778668403626
decision_type=2 10 2 8 8 8 10 10 8 10 2 10 2 8 10 2 2 2 10 8 8 2 2 8 2 8 2 2 2 8
left_child=1 4 3 5 23 17 10 8 9 -5 21 -3 25 16 15 24 -14 18 -2 -11 -21 -4 -23 -1 -15 -6 27 28 29 -10
right_child=2 11 6 7 12 -7 -8 -9 26 19 -12 -13 13 14 -16 -17 -18 -19 -20 20 -22 22 -24 -25 -26 -27 -28 -29 -30 -31
leaf_value=-0.021785437171239042 0.021762281387498011 0.029026704348732741 0.016593073184827598 0.046640103554033918 0.0097671020371813584 -0.025360847928980631 -0.033109618573543081 -0.025875314715745619 -0.019168786413948466 -0.0030809247808002713 -0.042572433612245143 0.051101904387878906 0.014448013231262397 0.0051157968354837748 -0.02806507241409182 0.033330085919650046 0.047206257462001883 -0.011387682079802236 -0.012134654941475887 -0.012323032364245586 0.022894006532082695 0.0020869413682900874 -0.018831018552285087 0.0015648070409865922 -0.02519759157162664 0.038084103487510394 -0.02859877338464762 0.013977918886281132 -0.0088053459684689726 0.020740314895581535
leaf_weight=39.653285622596741 36.981024831533432 121.31622961163521 17.060087561607361 14.708161056041716 27.605468571186066 151.59264373779297 142.13748341798782 40.913868635892868 21.948547571897507 77.133070558309555 21.733656615018845 50.974081128835678 440.01242989301682 144.38746675848961 17.047936499118805 35.348161041736603 16.409470289945602 190.90396082401276 27.706079065799713 16.16743278503418 75.119251817464828 44.275940299034119 185.09031185507774 95.94627970457077 18.199931710958481 48.926881074905396 20.488191485404968 57.462849318981171 213.8665979206562 44.730909645557404
leaf_count=108 101 324 47 40 74 420 399 113 60 209 60 136 1181 389 46 95 44 523 76 44 202 122 511 260 49 131 56 156 582 121
internal_value=0.000454978 0.0148293 -0.0103855 -0.00585875 0.0107873 -0.0136299 -0.0213049 -0.00042684 0.00149552 0.0107515 -0.0150478 0.0355579 0.0136972 0.0120817 0.00455741 0.00736714 0.0156258 -0.00667224 0.00724391 0.00761732 0.0166569 -0.0126202 -0.0147931 -0.00526349 0.00172254 0.0278701 -0.00323263 -0.00169508 -0.0049053 0.00760363
internal_weight=2455.85 1055.83 1400.02 989.723 883.537 407.184 410.297 582.539 541.625 183.128 268.16 172.29 747.938 671.405 214.983 197.936 456.422 255.591 64.6871 168.42 91.2867 246.426 229.366 135.6 162.587 76.5323 358.497 338.009 280.546 66.6795
internal_count=6679 2837 3842 2703 2377 1120 1139 1583 1470 495 740 460 2009 1804 579 533 1225 700 177 455 246 680 633 368 438 205 975 919 763 181
is_linear=0
shrinkage=0.05


Tree=13
num_leaves=31
num_cat=0
split_feature=93 79 67 74 60 94 63 52 66 25 24 32 88 58 4 53 64 40 34 89 51 4 20 26 78 58 65 92 97 27
split_gain=17.8162 7.79202 7.19668 9.02509 8.77547 10.3296 6.78772 12.8611 9.298 8.54759 6.70091 7.71027 6.44501 8.65558 6.92897 6.09966 7.22838 7.89342 6.02812 5.77952 5.72709 7.28392 6.00556 5.81264 5.56565 7.41288 6.19626 11.7413 8.92462 6.43706
threshold=1.179504990577698 2.2815814018249516 1.0363399982452395 0.32241061329841619 0.38893571496009832 2.7806591987609868 1.1584100127220156 1.0455849766731264 1.1067407131195071 2.2928571701049809 2.0714286565780644 1.2111111283302309 -1.8642857074737547 1.5209514498710635 8.8489584922790545 1.7787472605705263 -0.3811699897050857 1.118055582046509 0.68333333730697643 0.39285714924335485 1.2032092213630678 7.7656250000000009 0.30000000447034841 2.0357142686843877 -0.15326499938964841 0.65447500348091137 1.3293257355690005 2.8612650632858281 0.6178129017353059 1.4499999880790713
decision_type=10 10 10 10 10 10 10 2 10 2 2 2 2 10 2 2 10 2 2 2 2 2 2 2 8 10 10 10 10 2
left_child=1 2 3 4 18 -6 7 -5 9 -9 11 -4 -2 14 20 -8 -17 -18 24 -13 -14 22 23 -22 25 -1 -27 28 29 -28
right_child=12 -3 10 6 5 -7 15 8 -10 -11 -12 19 13 -15 -16 16 17 -19 -20 -21 21 -23 -24 -25 -26 26 27 -29 -30 -31
leaf_value=0.040524426570574291 -0.041223777587063262 -0.029758749051874353 0.034287109317774275 0.044843822698982891 0.053307666522378984 0.0073457600784294433 -0.016859681838311536 -0.024000973084669287 0.03542521573791254 0.023025529539025966 0.047553501118471037 0.019648726338080517 -0.016016336631505708 -0.020965666015045445 -0.022471935461190154 -0.026630399290652036 -0.005330505650530208 0.051988405124194031 -0.019484578164191937 -0.023786279454095172 -0.017506830439674728 0.046928642320109425 0.027370008421208375 0.020847010148921739 0.00024497622442391488 0.0024620516520736831 0.042708396470578038 -0.019927624303957611 -0.012202248846436829 0.010082165830637296
leaf_weight=16.170181095600128 18.15044316649437 19.612547159194946 19.412478417158127 16.133243560791016 18.205685496330261 37.208397150039673 149.35341489315033 43.018007099628448 11.807744234800337 12.461882263422011 14.960194051265715 13.090845644474031 26.010965347290039 106.94024786353111 31.509435951709747 11.386044919490812 12.731459796428682 11.370690912008284 31.490895837545395 18.456273555755615 31.385508447885513 11.989344567060469 20.062366127967834 14.41608092188835 810.62560757994652 305.49256721138954 46.383284628391266 17.896430283784866 13.636425167322157 22.428127318620682
leaf_count=54 66 68 66 56 62 129 527 150 41 43 50 45 91 391 111 41 45 40 110 63 111 42 70 50 2773 1042 157 62 47 76
internal_value=-0.000321665 0.00157179 0.00194336 0.00127129 0.00297097 0.022446 -0.00708914 0.00474984 -0.00486331 -0.0134379 0.0181314 0.00949399 -0.012486 -0.0103334 -0.00193432 -0.0124322 0.00620105 0.0217109 0.00211726 -0.00576242 0.0042962 0.0110827 0.00455755 -0.00543493 0.00266913 0.00732565 0.00600288 0.0167827 0.0247512 0.0320743
internal_weight=1933.8 1673.33 1653.72 1587.8 1319.54 55.4141 268.262 83.4209 67.2876 55.4799 65.9198 50.9596 260.464 242.314 135.374 184.842 35.4882 24.1022 1264.12 31.5471 103.864 77.8533 65.864 45.8016 1232.63 422.007 405.837 100.344 82.4478 68.8114
internal_count=6679 5747 5679 5455 4512 191 943 290 234 193 224 174 932 866 475 653 126 85 4321 108 364 273 231 161 4211 1438 1384 342 280 233
is_linear=0
shrinkage=0.05


Tree=14
num_leaves=31
num_cat=0
split_feature=1 74 81 93 76 117 74 27 3 32 1 29 93 5 50 87 29 40 23 56 32 3 0 59 87 58 87 36 93 58
split_gain=93.9037 58.4425 29.0573 26.1468 23.4553 10.8893 10.1357 9.31539 9.24315 10.1033 9.03648 11.4928 8.98811 8.06749 8.88085 7.92713 7.79229 7.29951 6.92113 6.80391 6.63321 6.60659 6.47728 6.44968 6.27533 6.61756 6.80327 6.20761 5.9865 6.6856
threshold=3.5000000000000004 -0.021397749893367287 -0.38819004595279688 1.179504990577698 1.4524350166320803 1.0000000180025095e-35 -0.82110482454299916 0.30000001192092901 14.244791507720949 1.4722222089767458 5.5000000000000009 0.73571428656578075 0.12272500246763231 -1.7552083134651182 2.2877813577651982 -1.3499999642372129 0.86428570747375499 1.6458333134651186 0.30000000447034841 0.96292498707771312 1.6125000119209292 5.7968750000000009 13.500000000000002 1.1104921698570254 -1.235714256763458 1.5849750041961672 -0.72142857313156117 0.38750000298023229 0.80476501584053051 0.97180640697479259
decision_type=2 8 10 10 8 2 10 2 2 2 2 2 8 2 2 2 2 2 2 8 2 2 2 8 2 10 2 2 10 10
left_child=3 2 6 8 12 7 18 -4 9 23 11 27 -3 -9 16 -5 -15 28 -2 -11 21 -12 -17 -1 -21 26 -26 -6 -18 -30
right_child=1 4 5 15 10 -7 -8 13 -10 19 20 -13 -14 14 -16 22 17 -19 -20 24 -22 -23 -24 -25 25 -27 -28 -29 29 -31
leaf_value=0.045702189027805422 0.031406877525552539 0.0066929456588411887 -0.024596507255235062 0.062967164882525128 0.011934152820440089 0.057662919654715254 -0.014373333355843685 -0.009953121929907955 0.049487134947599237 -0.027837787258492244 -0.019702480546177854 -0.0031337837644170186 -0.024294233193108153 0.025925425554272657 0.03771112498368584 0.023978802354461301 0.0084183563601355951 -0.0056750768350414833 -0.0051162518597572711 0.037297531240402373 -0.019249114688935098 -0.0026134221043769279 0.060651579878332931 0.016383370128420886 -0.012653050091298641 -0.015823539606958956 0.027014646972877372 0.058536614195657512 0.0068590584375330613 0.042382482652847546
leaf_weight=22.0504010617733 22.62854740023613 24.955529481172562 17.305962145328522 36.527036964893341 15.838125795125963 13.076769828796385 181.85620504617691 35.95404064655304 17.703541725873947 17.42512321472168 71.378681510686874 93.553055882453918 375.80145019292831 83.467576056718826 38.196512043476105 45.813928544521332 175.00486114621162 68.55816251039505 30.393502622842789 13.81910118460655 134.79311192035675 272.35295626521111 16.333050161600113 125.6260541677475 16.714716494083405 34.393200486898422 30.591993063688278 13.019994407892225 22.885311663150787 31.442290484905243
leaf_count=67 71 80 55 104 50 40 588 111 54 55 231 299 1260 254 115 135 549 209 96 42 446 876 47 384 52 109 96 40 69 95
internal_value=-0.000235927 -0.00518304 0.00567443 0.0223669 -0.0129956 0.0126544 -0.00876492 0.0114095 0.0145265 0.0121517 -0.00674743 0.00537521 -0.0223646 0.0127775 0.0147254 0.0444817 0.0124232 0.00863993 0.0104709 0.00089477 -0.00984852 -0.0061621 0.0336169 0.0207611 0.00613633 0.000865577 0.012999 0.0329599 0.0129194 0.0274184
internal_weight=2099.46 1722.46 720.77 376.998 1001.69 485.891 234.878 472.815 278.324 260.621 600.936 122.411 400.757 455.509 419.555 98.674 381.358 297.891 53.0221 112.944 478.525 343.732 62.147 147.676 95.519 81.6999 47.3067 28.8581 229.332 54.3276
internal_count=6679 5534 2252 1145 3282 1497 755 1457 859 805 1942 389 1340 1402 1291 286 1176 922 167 354 1553 1107 182 451 299 257 148 90 713 164
is_linear=0
shrinkage=0.05


Tree=15
num_leaves=31
num_cat=0
split_feature=2 2 93 74 67 72 48 81 64 25 29 24 71 81 63 89 64 93 74 38 17 49 5 88 24 55 9 5 60 43
split_gain=130.905 30.1506 24.562 18.0171 13.0548 12.7626 12.3886 10.9167 10.7197 8.17614 7.88529 7.39271 6.77691 10.1387 6.70966 6.40628 6.42637 7.72235 7.91936 8.91812 5.55709 6.37798 6.32749 7.48849 5.50109 5.34763 6.21914 7.98088 7.77631 5.69826
threshold=-2.4999999999999996 7.5000000000000009 1.4520050287246706 -0.078695174306631074 0.50005283951759349 1.5338379144668581 2.1062462329864506 0.49762041866779333 -0.68983998894691456 2.0071429014205937 1.8785714507102969 1.0214285850524905 -0.29354000091552729 -0.9886513054370879 1.028750002384186 1.3642857074737551 -0.50306999683380116 1.0437600016593935 -0.87953859567642201 0.35416667163372045 2.3000000715255742 1.9264840483665469 0.23437500000000003 -0.90714284777641285 1.9642856717109682 1.6028499603271487 1.3000000119209292 -1.0902777910232542 -0.12278071418404578 0.41428571939468389
decision_type=2 2 10 8 8 10 2 10 8 2 2 2 8 10 10 2 10 10 10 2 2 2 2 2 2 10 2 2 8 2
left_child=2 3 5 8 9 12 20 10 -2 -5 -3 15 13 -1 -7 16 -10 18 -18 -20 21 22 23 -6 -13 26 27 -14 -29 -30
right_child=1 7 -4 4 6 14 -8 -9 11 -11 -12 24 25 -15 -16 -17 17 -19 19 -21 -22 -23 -24 -25 -26 -27 -28 28 29 -31
leaf_value=0.031900340923077093 0.0048014743581059694 -0.012133051342399864 0.041351996925731056 0.0051698200134654053 0.029225534711260756 0.0030104554383052064 -0.032956129786535053 -0.031919240084717672 -0.027826471869922976 0.027685428724945678 -0.043683039996602765 -0.025370231832239794 0.0364019862475762 -0.010098071161740361 0.024112649931058262 -0.029613078641585817 0.037868139894918849 -0.022246000330229651 0.01291011556853555 -0.015697330401701688 -0.018275757320684122 0.026172395066223549 -0.012235850005904226 -0.00025888522753480121 0.0050735886860481406 -0.017975372615258511 0.0032539346328743293 0.033148290497342685 0.0057837083221876319 0.035388309451263748
leaf_weight=17.112342208623886 79.626815468072891 247.28430107235909 80.832338154315948 203.38954466581345 24.751192301511765 44.438983857631683 35.834896206855774 138.98823666572571 27.615446537733078 50.289400637149811 21.52844375371933 167.5333431661129 41.406038612127304 89.671904385089874 247.26738360524178 32.434531837701797 15.28432786464691 35.607779830694199 57.875948637723923 51.471201151609421 46.182952523231506 22.148059964179993 94.808052122592926 165.74132287502289 16.280492693185806 15.663416415452955 141.00867572426796 38.36041846871376 176.30447962880135 17.904851675033569
leaf_count=46 216 685 216 549 67 119 98 395 76 135 60 464 111 244 661 90 42 100 159 142 127 60 258 450 45 42 379 103 473 48
internal_value=1.70421e-05 -0.00889229 0.0150427 -0.00467633 0.000806711 0.0124779 -0.0049425 -0.0205422 -0.0119663 0.00963332 -0.0146598 -0.0152704 0.00790763 -0.00336776 0.0208979 -0.00909279 -0.00554981 -0.00171067 0.00415636 -0.000555801 -0.00210377 0.000325484 -0.00168103 0.0035721 -0.0226738 0.0107035 0.011786 0.0161772 0.0125764 0.00851306
internal_weight=2444.65 1534.68 909.971 1126.88 643.145 829.138 389.466 407.801 483.73 253.679 268.813 404.103 537.432 106.784 291.706 220.289 187.855 160.239 124.631 109.347 353.632 307.449 285.301 190.493 183.814 430.648 414.984 273.976 232.57 194.209
internal_count=6660 4218 2442 3078 1744 2226 1060 1140 1334 684 745 1118 1446 290 780 609 519 443 343 301 962 835 775 517 509 1156 1114 735 624 521
is_linear=0
shrinkage=0.05


Tree=16
num_leaves=31
num_cat=0
split_feature=92 77 82 59 63 80 88 88 95 92 92 62 29 95 87 0 90 21 110 27 27 78 43 76 80 89 89 13 71 65
split_gain=18.3953 10.4607 10.0906 8.8148 7.75825 8.76576 7.68075 6.72456 6.90896 6.2952 6.04807 6.87463 8.31354 7.01854 5.30536 6.30204 7.67299 7.35627 6.98359 7.15923 7.55978 6.51073 8.31332 6.56008 5.99335 5.83315 8.86913 7.94308 5.79613 6.09875
threshold=2.6730951070785527 1.3031249642372134 -1.3000000119209287 1.9844471812248232 1.2334600090980532 1.0585736036300661 1.0357143282890322 0.52142858505249035 0.15818778425455096 2.6650300025939946 3.5985749959945683 1.6173700094223025 1.264285743236542 0.46293357014656072 -1.3499999642372129 6.5000000000000009 2.7463099956512456 0.30000000447034841 1.0000000180025095e-35 1.2357142567634585 0.79285714030265819 -0.11618500202894209 0.35416667163372045 1.2253350019454958 1.7578477859497073 -0.72142857313156117 -0.15000000596046445 0.30000000447034841 -0.093940000981092439 1.1351414322853091
decision_type=10 10 2 10 10 10 2 2 10 10 10 10 2 10 2 2 10 2 2 2 2 8 2 10 10 2 2 2 10 8
left_child=9 2 -2 4 5 6 -4 8 -3 14 11 13 -13 -7 -1 16 17 -16 21 20 -20 22 25 -24 -19 -17 -27 -28 29 -23
right_child=1 7 3 -5 -6 10 -8 -9 -10 -11 -12 12 -14 -15 15 18 -18 24 19 -21 -22 28 23 -25 -26 26 27 -29 -30 -31
leaf_value=-0.0091654813088428416 -0.017149030932547809 0.011843123490058349 -0.0054879756066840129 0.035047102945505164 -0.011256749475314186 0.033699801226149344 0.030876376127788541 -0.019094473866652955 -0.0094607057586616125 0.039938691723365081 -0.0045801330441433896 0.059436804524559995 0.0089933704510706154 -0.0099150409907171888 0.0080895019282711967 -0.0074411970074704115 0.02976022384615273 -0.015711237420552061 0.008364113124907778 0.0055827563366691799 0.051409000120407056 0.025641748803029864 0.036797346681490643 0.0041176586487794674 0.012830073759111084 0.025253736795408606 -0.0018464888033205445 0.035114139200672329 -0.022145095416401694 0.00025253787903577819
leaf_weight=71.822699666023254 69.027286231517792 44.678540885448456 128.5688935816288 21.174212962388992 84.703917890787125 17.107793927192688 16.369665950536728 155.88407987356186 256.79862821102142 12.292576134204863 22.307257533073425 22.369462907314301 12.865881621837614 20.015897214412689 73.246410042047501 59.263409048318863 17.348495632410049 121.52619189023972 16.516162574291229 39.959347575902939 26.673001170158386 25.871501207351685 45.911873072385788 23.074463605880737 21.673786014318466 66.874201089143753 114.02045121788979 16.66013839840889 26.066588550806046 275.8079260289669
leaf_count=246 244 154 445 73 296 59 56 565 898 42 78 76 44 70 253 203 60 424 55 135 89 87 154 78 76 226 386 56 90 942
internal_value=-7.56658e-05 -0.0054492 0.000303692 0.00379074 0.00175 0.00634808 -0.00138091 -0.0106631 -0.0063035 0.00436677 0.0181815 0.0251986 0.0410178 0.0101841 0.00394725 0.00491768 -0.00223456 -0.00479899 0.00718747 0.0208357 0.034948 0.00545106 0.0104564 0.0258667 -0.0113914 0.00631693 0.0104442 0.00286553 0.000475354 0.00242987
internal_weight=1926.48 871.872 414.51 345.483 324.309 239.605 144.939 457.361 301.477 1054.61 94.6663 72.359 35.2353 37.1237 1042.32 970.494 233.795 216.446 736.699 83.1485 43.1892 653.551 325.805 68.9863 143.2 256.818 197.555 130.681 327.746 301.679
internal_count=6660 3058 1441 1197 1124 828 501 1617 1052 3602 327 249 120 129 3560 3314 813 753 2501 279 144 2222 1103 232 500 871 668 442 1119 1029
is_linear=0
shrinkage=0.05


Tree=17
num_leaves=31
num_cat=0
split_feature=2 93 81 93 2 83 78 32 3 69 96 70 58 0 43 97 59 13 56 93 63 51 35 101 48 70 70 69 88 4
split_gain=123.181 45.6588 19.288 16.8391 14.6026 12.511 10.0711 11.127 15.1777 7.81104 11.1155 7.79233 7.07319 6.75597 8.34229 6.72534 6.50694 9.84488 7.50499 6.63878 6.2372 7.70482 6.10947 6.03431 6.30168 7.3894 6.5007 6.10364 5.99879 5.78168
threshold=-2.4999999999999996 1.1019699573516848 -0.4401040226221084 0.74542498588562023 7.5000000000000009 -1.6999999880790708 -0.22393611073493955 1.4722222089767458 15.067708492279055 0.97802501916885387 2.2491642236709599 1.884400010108948 1.3910049796104433 11.500000000000002 0.26785714924335485 0.37416237592697149 1.8254059553146365 0.30000000447034841 1.8898400068283083 0.61070999503135692 1.6902599930763247 2.3745980262756352 0.23611111193895343 1.0000000180025095e-35 1.2546691894531252 1.2984300255775454 1.5198400020599367 1.0864999890327456 -0.30714286863803858 13.909722328186037
decision_type=2 10 10 10 2 2 10 2 2 8 10 10 8 2 2 10 10 2 10 10 10 2 2 2 2 10 10 10 2 2
left_child=3 4 -3 -1 6 -4 11 9 20 -8 -11 15 23 -13 -15 -2 17 -12 -18 22 21 -9 -19 24 25 -6 -27 -25 -7 -14
right_child=1 2 5 -5 12 28 7 8 -10 10 16 13 29 14 -16 -17 18 19 -20 -21 -22 -23 -24 27 -26 26 -28 -29 -30 -31
leaf_value=-0.011431735393429851 -0.0027240830405602157 -0.025719092149682349 0.062441095832112006 -0.027838874973915895 -0.005447769167583434 0.034938542044543067 0.036234891740184579 -0.012253399517266735 0.049819326977499079 -0.033697482636972281 0.00013977228200999931 0.045845710225710476 0.0038388833320694734 0.027456851080984501 -0.026105660093751617 -0.01894753377698433 0.061010126521021016 -0.0039566491930670819 0.013952155471236566 0.050380856241814903 0.025229161751361417 0.019403094201146262 0.031906346135788959 -0.018061300010233514 0.061033995466831706 0.050126878495834054 0.019193590054021114 0.025950212942238489 0.015308609876086341 0.03810584911811396
leaf_weight=499.32416155934334 279.05805748701096 14.6628280878067 31.86375829577446 227.69739550352097 16.898623764514923 116.40846332907677 33.242229402065277 153.03162118792534 13.203864067792891 13.511357247829435 111.75863271951675 13.230498939752577 127.57307815551758 15.785026282072069 13.475237011909483 82.84476175904274 14.058267652988432 22.765511870384216 21.32507261633873 18.025567084550858 15.086299270391462 21.982008397579193 24.825483828783035 15.647682934999468 13.438908636569975 27.948276549577713 43.294738858938217 15.864363521337507 58.46696862578392 13.624156922101973
leaf_count=1649 890 49 89 793 51 335 101 489 41 42 347 41 388 49 42 271 43 72 65 55 48 68 77 47 40 84 130 48 175 41
internal_value=4.98136e-05 0.0089156 0.0296957 -0.0165703 0.00488516 0.0336259 0.0017047 0.00674139 -0.00201775 0.0136034 0.0102785 -0.00405964 0.0149407 0.0161962 0.00278969 -0.00643786 0.0130712 0.00916577 0.0326489 0.0245389 -0.00561822 -0.00827729 0.014751 0.0232107 0.0291405 0.0242778 0.0313286 0.00409577 0.0283756 0.00714531
internal_weight=2089.92 1362.9 221.402 727.022 1141.5 206.739 867.209 462.816 203.304 259.512 226.27 404.394 274.29 42.4908 29.2603 361.903 212.759 177.375 35.3833 65.6166 190.1 175.014 47.591 133.093 101.581 88.1416 71.243 31.512 174.875 141.197
internal_count=6660 4218 648 2442 3570 599 2741 1448 646 802 701 1293 829 132 91 1161 659 551 108 204 605 557 149 400 305 265 214 95 510 429
is_linear=0
shrinkage=0.05


Tree=18
num_leaves=31
num_cat=0
split_feature=2 93 2 71 48 62 76 69 29 60 81 43 64 64 63 2 52 3 88 24 48 70 78 27 88 82 74 26 47 24
split_gain=128.749 27.3949 25.0398 13.836 12.3585 12.2898 11.0869 10.9896 8.87338 9.51523 8.23046 7.33921 6.98268 7.5071 6.83122 6.69619 8.12167 6.57828 7.1137 6.37948 6.7339 6.48803 6.45966 6.07605 8.86237 6.03703 5.7889 6.57828 5.70402 5.69595
threshold=-2.4999999999999996 1.4520050287246706 7.5000000000000009 -0.21565499901771543 2.1062462329864506 2.0260800123214726 1.4970350265502932 1.9273178577423098 2.3928571939468388 -0.37615786492824549 0.5235353708267213 0.41428571939468389 0.22683000564575198 0.087482500821352019 0.86420997977256786 -12.499999999999998 1.3874598145484927 7.0986111164093026 0.99285712838172924 0.9357142746448518 1.547779977321625 1.8522250056266787 -0.64540374279022206 0.67857143282890331 0.55000001192092907 0.5000000149011613 -0.17672331631183621 1.47857141494751 1.0000000180025095e-35 1.5000000000000002
decision_type=2 10 2 8 2 10 10 10 2 8 10 2 10 8 8 2 2 2 2 2 2 10 10 2 2 2 10 2 2 2
left_child=1 4 3 14 8 7 26 17 9 23 12 15 13 -6 -2 29 -17 18 -5 21 -21 22 -16 24 -1 -10 -4 -28 -19 -11
right_child=2 -3 6 5 10 -7 -8 -9 25 11 -12 -13 -14 -15 19 16 -18 28 -20 20 -22 -23 -24 -25 -26 -27 27 -29 -30 -31
leaf_value=0.032917317071985801 -0.04020290008707187 0.042225437558518673 -0.015974624518349741 0.0018539950726280962 0.03409624470036389 -0.018805576206886131 -0.028844634582769892 0.024069463547868795 0.0015470216559040407 0.045976481460826391 -0.0049870581753513003 0.028032989213500926 0.052488250029384412 0.0057813917320964688 0.027003852596092739 0.0095127563651605587 -0.007674378546014513 -0.031076994246167413 0.031085406385546677 -0.022435257417352986 0.0046872438400484438 -0.016498551780769335 -0.0032676322282889922 -0.015436747137723604 -0.018152426748353219 0.038054967940876615 0.024237974936358951 -0.017096673111561364 -0.0045508113820966782 0.012335525973887991
leaf_weight=19.262067675590515 21.579197287559509 81.683396250009537 180.8272647857666 327.00859397649765 63.612223267555237 87.718690514564514 184.38666948676109 48.343368679285049 15.631939202547072 19.841401159763336 19.761818826198578 51.199794709682465 26.583268821239471 37.039385616779327 21.390548467636108 333.95388394594193 86.548676550388336 22.253105133771896 22.227783113718033 147.70497298240662 27.080564916133881 76.867352932691574 100.05949652194977 67.082477539777756 15.197323143482206 41.0868179500103 21.025392472743988 17.752856075763702 226.9745902121067 34.393453985452652
leaf_count=52 61 219 503 887 170 242 528 130 42 53 53 137 71 99 58 896 232 61 60 410 75 213 277 182 41 110 58 49 617 92
internal_value=-0.000270869 0.0145953 -0.00912229 -0.00530034 0.01188 -0.00124332 -0.0198051 0.00113844 0.00905409 0.00734216 0.0250334 0.0100476 0.0296962 0.0236765 -0.0128507 0.00810788 0.00597527 -0.000713904 0.00371448 -0.0112687 -0.018233 -0.00513082 0.00206397 -0.00667063 0.0103945 0.0279932 -0.0122153 0.00531479 -0.00691929 0.0246428
internal_weight=2446.08 912.878 1533.2 1129.21 831.195 734.526 403.992 646.807 684.198 627.479 146.997 525.937 127.235 100.652 394.682 474.737 420.503 598.464 349.236 373.103 174.786 198.317 121.45 101.542 34.4594 56.7188 219.606 38.7782 249.228 54.2349
internal_count=6678 2449 4229 3091 2230 1997 1138 1755 1837 1685 393 1410 340 269 1094 1273 1128 1625 947 1033 485 548 335 275 93 152 610 107 678 145
is_linear=0
shrinkage=0.05


Tree=19
num_leaves=31
num_cat=0
split_feature=93 92 79 64 48 92 63 16 92 0 95 48 64 91 90 27 69 110 37 63 22 72 84 91 57 66 49 35 97 59
split_gain=17.5871 6.89983 6.31044 7.20353 10.8198 7.11681 7.04394 7.55734 6.98944 6.23708 9.03267 9.62773 8.05504 7.53895 6.66431 6.60615 7.30668 6.46333 7.808 7.43085 6.25866 7.81489 5.91063 5.60883 5.63063 5.60319 8.16027 5.51414 5.48057 5.42196
threshold=1.2341899871826174 2.5954300165176396 2.2815814018249516 0.93827000260353099 1.9694533944129946 3.6734499931335454 0.77617001533508312 2.1000000238418584 2.677534937858582 8.5000000000000018 1.2963442802429201 1.1848874688148501 0.062219999730587013 0.12031500041484834 2.4485000371932988 1.6928571462631228 1.2529399991035464 1.0000000180025095e-35 0.10555555671453477 1.0842799544334414 1.0000000180025095e-35 1.3131681084632876 1.3000000119209292 1.0387600064277651 0.25625000894069677 1.7445428967475893 0.78617364168167125 0.29285715520381933 0.30460572242736822 1.961232125759125
decision_type=10 10 10 10 2 8 10 2 10 2 10 2 10 8 10 2 10 2 2 8 2 8 2 10 10 10 2 2 8 10
left_child=2 -2 3 8 5 6 -5 -8 9 13 12 27 14 -1 17 16 -16 19 -19 -11 21 -15 25 24 28 26 -10 -12 -22 -3
right_child=1 29 -4 4 -6 -7 7 -9 22 10 11 -13 -14 20 15 -17 -18 18 -20 -21 23 -23 -24 -25 -26 -27 -28 -29 -30 -31
leaf_value=0.027167715084262752 0.0041799026747619383 -0.02113986833391697 -0.025178622337738807 -0.0093890153071106291 0.052389284458618637 -0.019568271676527946 0.048283353174984001 0.00023545354465823238 -0.034048230481363177 0.042319989701895044 0.039386753854666723 0.068450662477400948 -0.0091327121304912925 0.0070458512655910662 0.045936271712766742 -0.010506850374925854 0.011231653457082035 -0.0093032834582346246 0.027368266688379318 0.002090141613153176 -0.022886106180445703 -0.028995163347838655 0.018663864863838812 -0.025890044921236557 0.03036867814736996 -0.014352069830820208 0.00013211879065924386 -0.0068355901927527624 0.0034675116308874442 0.0014514079302503601
leaf_weight=21.923773229122162 49.088268846273422 144.94388130307198 20.467217832803726 16.649516463279724 17.143167465925217 17.474000662565231 21.684117168188095 13.14500907063484 18.160845458507538 11.826348543167112 11.769148617982866 11.822075873613356 78.211564272642136 22.837191522121429 30.940126776695251 12.875503957271574 29.749248147010803 18.962658852338791 61.887570559978485 390.15610289573669 22.203864097595215 44.05681699514389 31.947792142629623 18.355250626802444 17.172544896602631 97.461123406887054 453.71407631039619 14.282467514276503 176.93234911561012 32.517659068107605
leaf_count=74 173 540 72 57 56 60 72 45 63 39 40 40 266 78 103 44 100 63 206 1320 76 154 109 64 59 345 1584 49 612 115
internal_value=0.000677089 -0.012411 0.00241737 0.0027529 0.016841 0.00800286 0.0173617 0.0301494 0.00199352 0.00456346 0.0073077 0.0310281 0.00589206 -0.00114153 0.00800406 0.0220231 0.0289245 0.00586811 0.0187673 0.00327371 -0.00319966 -0.016691 -0.00226332 0.000646218 0.002898 -0.00343763 -0.00118337 0.0140459 0.00052906 -0.0170003
internal_weight=1930.36 226.55 1703.81 1683.34 86.0958 68.9526 51.4786 34.8291 1597.25 995.965 672.483 37.8737 634.609 323.482 556.398 73.5649 60.6894 482.833 80.8502 401.982 301.558 66.894 601.284 234.664 216.309 569.336 471.875 26.0516 199.136 177.462
internal_count=6678 828 5850 5778 290 234 174 117 5488 3387 2270 129 2141 1117 1875 247 203 1628 269 1359 1043 232 2101 811 747 1992 1647 89 688 655
is_linear=0
shrinkage=0.05


Tree=20
num_leaves=31
num_cat=0
split_feature=2 2 79 76 73 97 70 69 77 60 56 21 0 51 78 88 91 48 36 72 45 43 77 59 97 4 90 34 39 49
split_gain=117.698 38.916 17.5615 15.499 15.0156 13.8467 12.4214 9.7135 14.6554 9.11456 8.89864 7.94271 7.65023 7.55358 7.46474 7.41538 7.2845 7.02827 6.59949 6.58994 6.07615 6.56362 6.23578 5.92749 5.88076 6.32938 5.57341 5.5685 5.59178 5.31213
threshold=-2.4999999999999996 8.5000000000000018 1.6510070562362673 1.8649378418922427 1.2460461258888247 0.78199228644371044 1.9386700391769411 1.5673750042915346 1.3485950231552126 -1.0708878636360166 1.8898400068283083 0.70000001788139354 11.500000000000002 1.0562700629234316 0.77472501993179332 -1.4499999880790708 1.5375400185585024 1.2224709391593935 0.41428571939468389 1.3212147951126101 0.13392857462167743 0.61250001192092907 1.6866300106048586 1.4979842901229861 0.78940609097480785 14.901041507720949 2.846099972724915 1.0000000180025095e-35 9.5000000000000018 1.4375107288360598
decision_type=2 2 10 10 8 10 10 10 8 8 10 2 2 2 8 2 10 2 2 8 2 2 10 10 10 2 8 2 2 2
left_child=4 2 6 9 14 20 7 8 10 -3 18 19 -8 -14 -1 -7 -17 27 -2 26 21 -4 -22 -13 25 -10 -6 -11 -29 -21
right_child=1 3 5 -5 11 15 12 -9 24 17 -12 23 13 -15 -16 16 -18 -19 -20 29 22 -23 -24 -25 -26 -27 -28 28 -30 -31
leaf_value=-0.028081172122668904 0.0077147523819582446 0.046765344594309227 0.042915121044963409 0.042283168717871362 -0.0017094333030074115 0.05039015063061867 0.045063235152131689 -0.01587980516167864 -0.0047610765991321783 0.035067974146572208 -0.022236442792576805 -0.01358556230134913 0.028895717551381567 -0.0095917216382931277 0.010432452952544684 0.029108764164752155 -0.00060340107453090742 0.031720121378655111 0.02866146273058523 -0.003718011980920049 -0.0071483606076592366 0.0016604743646306424 0.029319472200273186 -0.043853035756343341 -0.029066584451557954 0.021083807460719348 0.033704249503300608 -0.022822889128348598 0.0092652228584398522 -0.017337228449849428
leaf_weight=251.24611732363701 90.132739216089249 23.323608726263046 18.018018811941147 82.253512114286423 76.560272783041 26.208218485116959 20.995799899101257 108.82651311159134 383.80436000227928 18.581258982419968 16.441615730524063 35.642123579978943 24.918515861034393 26.102459460496902 13.244540601968763 71.396838873624802 29.01072371006012 43.723236411809921 64.519815772771835 117.44321668148041 89.666501224040985 20.738274723291397 13.485179543495176 29.616350263357162 23.156063944101334 25.247612655162811 12.99605157971382 15.082609206438063 136.00292760133743 183.41921743750572
leaf_count=882 279 68 56 231 250 74 63 357 1222 55 50 120 76 79 44 210 84 130 196 389 284 64 42 101 77 79 42 46 407 621
internal_value=-0.000308088 0.00828582 0.00364983 0.0235857 -0.0166761 0.0146858 -0.000129347 -0.00213057 0.000349588 0.0170887 0.0127356 -0.0111756 0.0196594 0.00920545 -0.0261526 0.026706 0.020524 0.013845 0.0164536 -0.00847677 0.00396095 0.02084 -0.00238086 -0.0273219 -0.00455353 -0.00316587 0.00342966 0.00923855 0.00606192 -0.0120209
internal_weight=2091.8 1371.64 1052.67 318.967 720.168 268.524 784.145 712.129 603.302 236.714 171.094 455.677 72.0168 51.021 264.491 126.616 100.408 213.39 154.653 390.419 141.908 38.7563 103.152 65.2585 432.208 409.052 89.5563 169.667 151.086 300.862
internal_count=6678 4229 3292 937 2449 814 2478 2260 1903 706 525 1523 218 155 926 368 294 638 475 1302 446 120 326 221 1378 1301 292 508 453 1010
is_linear=0
shrinkage=0.05


Tree=21
num_leaves=31
num_cat=0
split_feature=2 93 2 74 64 67 71 76 48 49 32 55 4 3 69 46 51 90 94 93 67 93 63 64 71 67 64 88 64 70
split_gain=119.009 23.4415 21.8867 12.8322 11.8307 11.1848 9.93787 9.30904 9.16206 8.61756 6.74168 9.23084 8.3003 7.72618 8.44216 6.83126 6.71707 6.65049 6.60793 6.45444 6.2867 6.45532 5.7305 6.64486 5.12706 5.08905 5.53783 6.56736 5.05671 5.7179
threshold=-2.4999999999999996 1.091541111469269 7.5000000000000009 -0.078695174306631074 -0.68983998894691456 0.48983713984489446 -0.29354000091552729 1.5086050033569338 2.1062462329864506 2.2209752798080449 1.7888888716697695 1.664930045604706 8.9114584922790545 14.796875000000002 1.460754990577698 0.18333333730697635 0.64724767208099376 3.8163200616836552 2.7466222047805791 1.697999954223633 0.41105099022388464 0.41972999274730688 0.86420997977256786 -0.51271000504493702 -0.26716500520706171 0.62736928462982189 0.93827000260353099 -0.3357142955064773 -0.26101000607013697 1.2796528935432436
decision_type=2 10 2 8 10 8 8 10 2 2 2 8 2 2 8 2 2 10 10 10 10 10 10 10 10 8 8 2 10 10
left_child=1 6 3 4 24 9 16 18 25 20 11 -8 28 14 -12 -16 -1 -17 -4 -3 21 -5 -6 -24 -2 -7 27 -27 -13 -30
right_child=2 19 7 5 22 8 10 -9 -10 -11 13 12 -14 -15 15 17 -18 -19 -20 -21 -22 -23 23 -25 -26 26 -28 -29 29 -31
leaf_value=0.016269340486176696 0.00060149339772218725 0.025351560411858681 -0.014338448557929141 -0.0046795336847855482 -0.035234816197995358 -0.022193085105494319 0.016774220380114942 -0.026712438330028312 -0.028594903034726706 0.043452295040069519 -0.0092779065046043017 0.0019848520687965414 0.023202459544109853 -0.012441308579252597 0.043284435145722673 0.026027051407064308 -0.011655428947562494 -0.005967588265041319 0.014139652311568569 0.047225075766852885 0.036393176242111969 0.01225992605936038 -0.031206564455176718 -0.010270814330588733 0.033129828910561918 -0.0035302699104103191 -0.0037293534314737325 0.033988637571902416 -0.0020053386015344982 -0.042653528876940072
leaf_weight=30.416072726249695 65.769547253847122 115.00642845034599 195.07537999749184 116.43953317403793 30.482150107622147 31.235040336847305 227.0506743490696 180.81805074214935 38.466886132955551 16.059669762849808 17.551165074110031 143.15285557508469 39.199523329734802 16.087063133716583 47.166261583566666 99.206667214632034 73.751192480325699 19.421686470508575 22.744624078273773 47.719523906707764 15.530092239379881 108.78753155469894 42.838843047618866 328.80322349071503 14.848912626504896 23.773602485656738 279.42909497022629 22.897025913000107 20.577887535095215 14.927517026662825
leaf_count=82 179 308 545 315 87 85 608 524 106 43 47 384 105 43 126 265 201 52 63 129 42 292 119 917 40 65 762 62 55 40
internal_value=0.000254502 0.0145664 -0.00824714 -0.00470822 -0.0108887 -0.000136487 0.0108272 -0.0183263 -0.00540912 0.0079896 0.0131437 0.00971949 0.00236707 0.0207826 0.0236978 0.0271886 -0.0035016 0.0207889 -0.0113648 0.031766 0.00562406 0.00350244 -0.0143935 -0.0126841 0.00659281 -0.00291318 -0.00106648 0.0148768 -0.00220443 -0.019095
internal_weight=2445.23 911.235 1534 1135.36 482.743 652.618 748.509 398.638 395.802 256.817 644.341 444.908 217.858 199.433 183.346 165.795 104.167 118.628 217.82 162.726 240.757 225.227 402.124 371.642 80.6185 357.335 326.1 46.6706 178.658 35.5054
internal_count=6691 2445 4246 3114 1342 1772 2008 1132 1080 692 1725 1192 584 533 490 443 283 317 608 437 649 607 1123 1036 219 974 889 127 479 95
is_linear=0
shrinkage=0.05


Tree=22
num_leaves=31
num_cat=0
split_feature=93 83 48 71 50 65 89 77 80 99 53 53 26 11 52 73 24 71 59 3 28 92 69 26 71 77 83 28 45 73
split_gain=15.5163 6.86406 7.39803 6.31456 7.61262 7.92124 7.03623 7.87385 6.32013 5.6588 7.73717 5.29292 7.97203 6.30059 9.08993 6.70039 8.32005 7.49242 6.64398 6.78783 6.34578 6.29908 6.7563 6.01988 5.62951 5.84026 5.14569 5.11866 7.23297 6.5823
threshold=1.179504990577698 -1.4999999999999998 1.9823151230812075 -0.18408499658107755 2.1398713588714604 0.66541853547096264 1.2357142567634585 1.2175549864768984 1.2025344371795657 0.70555555820465099 1.2038648128509524 1.4843005537986758 1.1928571462631228 1.0000000180025095e-35 1.2459806799888613 1.4464097619056704 1.0785714387893679 0.10799000039696695 1.2054964303970339 6.8697917461395273 1.8357142806053164 3.0855849981307988 1.5017650127410891 0.96428570151329052 0.22874499857425692 1.5228450298309328 0.70000001788139354 1.8642857074737551 0.13392857462167743 0.84778970479965221
decision_type=10 2 2 10 2 8 2 10 10 2 2 2 2 2 2 10 2 10 10 2 2 10 10 2 10 10 2 2 2 10
left_child=3 -2 9 4 5 -1 8 -8 27 10 -3 12 23 21 18 16 -16 -18 19 -15 -17 22 -13 24 25 -10 -26 29 -29 -5
right_child=1 2 -4 6 -6 -7 7 -9 11 -11 -12 13 -14 14 15 20 17 -19 -20 -21 -22 -23 -24 -25 26 -27 -28 28 -30 -31
leaf_value=0.040847355631171672 -0.034811168215577067 0.023482157871237756 -0.024916541418983047 0.034065691964094952 -0.010490313571737419 0.0046273666058761721 -0.0051514342764074281 0.043315130837006006 -0.011812384222266315 -0.01390616589352656 -0.0068156181733928182 -0.0183230305921975 -0.0028199673394026996 -0.020334028961388601 -0.011526571004505347 -0.024613555561328427 0.066320335863356325 0.021626769857284608 -0.01930359596926455 0.026530517910778924 0.022845623675107188 -0.033176130587925172 0.030653950610848815 -0.035444585880153714 -0.033194032644389221 0.031783650146431718 0.0026327437595112376 -0.0037409677426647387 0.02699469318372329 -0.0044444710919204012
leaf_weight=15.383076488971708 29.796924084424973 33.7204200476408 56.430680245161057 11.947094857692717 84.082127302885056 806.40353706479073 16.100463032722473 17.475761741399765 22.519366979598999 77.208754763007164 56.175700321793556 18.704799532890323 130.05685436725616 12.241651356220244 13.471020370721815 17.511113762855533 12.474322140216826 37.768270373344421 52.800345718860626 20.948277026414871 11.7827952504158 26.997538298368454 11.292662709951399 43.748226791620255 36.168661952018738 11.659485280513762 13.864051729440687 33.550352305173874 44.56903201341629 155.75968843698502
leaf_count=50 113 119 221 41 286 2730 55 60 78 277 203 65 451 43 47 62 42 134 185 73 41 97 40 155 130 40 50 115 150 538
internal_value=-0.000733917 -0.0122686 -0.00926376 0.00100619 0.00383923 0.00530537 -0.00231205 0.0200745 -0.00332802 -0.00397787 0.00454921 -0.00658798 -0.0115376 -0.0011764 0.00343366 0.0142677 0.0233676 0.0327234 -0.00828454 0.00924517 -0.0055242 -0.0156547 0.000114547 -0.0203982 -0.0125815 0.0030596 -0.0232664 0.00322314 0.0137945 -0.00170108
internal_weight=1932.61 253.332 223.536 1679.28 905.869 821.787 773.412 33.5762 739.836 167.105 89.8961 494.009 258.017 235.993 178.998 93.0075 63.7136 50.2426 85.9903 33.1899 29.2939 56.995 29.9975 127.96 84.2116 34.1789 50.0327 245.826 78.1194 167.707
internal_count=6691 933 820 5758 3066 2780 2692 115 2577 599 322 1733 904 829 627 326 223 176 301 116 103 202 105 453 298 118 180 844 265 579
is_linear=0
shrinkage=0.05


Tree=23
num_leaves=31
num_cat=0
split_feature=2 93 88 93 78 32 3 66 5 50 65 83 60 81 50 25 100 29 70 66 90 4 70 88 70 78 58 4 99 4
split_gain=103.515 37.3724 16.9726 15.3444 10.8526 12.4944 12.3463 9.08836 7.12138 6.97632 6.88548 6.6392 6.35539 6.76532 6.20084 6.33024 5.84443 7.49638 5.39934 6.2988 6.48577 6.04232 5.32592 5.2477 5.18322 6.10013 5.09865 5.07647 5.15327 6.71221
threshold=-2.4999999999999996 1.1019699573516848 -0.30714286863803858 0.74542498588562023 -0.2117899954319 1.4722222089767458 14.244791507720949 1.7864882349967959 1.0121527314186098 1.4696021080017092 1.2609921097755434 -1.6999999880790708 -0.38512070477008814 -0.69786962866783131 2.0916398763656621 1.7214285731315615 1.0000000180025095e-35 1.4499999880790713 1.0404699444770815 1.0291864275932314 3.652480006217957 8.1302084922790545 1.5833350419998171 0.25000000745058065 1.884400010108948 -0.34611499309539789 0.98844000697135936 14.901041507720949 0.67261904478073131 8.0989584922790545
decision_type=2 10 2 10 10 2 2 10 2 2 10 2 10 10 2 2 2 2 10 10 10 2 10 2 10 10 10 2 2 2
left_child=3 4 11 -1 12 8 7 16 14 -10 -4 -3 24 -14 15 23 17 18 -7 20 -20 -21 -11 -6 25 27 -26 28 -2 -30
right_child=1 2 10 -5 5 6 -8 -9 9 22 -12 -13 13 -15 -16 -17 -18 -19 19 21 -22 -23 -24 -25 26 -27 -28 -29 29 -31
leaf_value=-0.010244973938122823 -0.0072968517704630979 0.056151186978116698 -0.020020207354772463 -0.026183648312397802 0.010328072247127749 -0.01623321545815538 0.037567312520558491 0.037381832498809421 0.048276927886800949 -0.0034935294722533081 0.015843044399244877 0.030806268142669669 -0.031207800009536765 -0.0038268115505187858 0.034198584629387387 0.03915818011438308 -0.031055005853587489 -0.021948960480714898 0.036661806822828019 -0.010084901026149978 -0.0043305739680303294 0.027188342367719699 0.038020663827467105 -0.011283232235584259 -0.00054167469870921106 -0.026199624382209102 0.032795583770232804 0.025607206683732051 0.0096055218133733397 -0.015738516253941775
leaf_weight=492.29877835512161 128.33959105610847 32.660245388746262 18.327789396047592 217.81350818276405 251.52066865563393 30.290331035852432 20.054355710744858 12.794150680303572 28.822384804487228 18.072565734386448 49.612829595804214 123.71503055095673 29.7880679666996 92.965291440486908 28.26810023188591 17.19665464758873 20.978108108043671 40.936476051807404 28.053328722715378 51.096713811159134 14.708420544862745 13.812118232250212 13.4944611787796 31.621140033006668 20.407049477100372 20.227979153394699 26.186961263418198 21.450217336416245 164.95719820261002 31.040926903486252
leaf_count=1655 407 89 60 790 761 97 61 40 86 54 146 350 99 299 84 51 67 131 87 161 46 43 40 97 62 63 80 66 521 98
internal_value=0.000380614 0.00835588 0.0270342 -0.0151339 0.00473483 0.00922829 6.43351e-05 -0.00347213 0.0147108 0.0304919 0.00616851 0.0360998 -0.000483441 -0.0104712 0.0118106 0.00970347 -0.00608721 -0.00315941 0.00241593 0.00766238 0.022562 -0.00215343 0.0142532 0.00791453 0.00248798 0.000488508 0.0181947 0.00204972 0.000491731 0.0055917
internal_weight=2091.51 1381.4 224.316 710.112 1157.08 621.72 232.724 212.67 388.996 60.3894 67.9406 156.375 535.363 122.753 328.607 300.338 199.875 178.897 137.961 107.671 42.7617 64.9088 31.567 283.142 412.61 366.016 46.594 345.788 324.338 195.998
internal_count=6691 4246 645 2445 3601 1906 733 672 1173 180 206 439 1695 398 993 909 632 565 434 337 133 204 94 858 1297 1155 142 1092 1026 619
is_linear=0
shrinkage=0.05


Tree=24
num_leaves=31
num_cat=0
split_feature=2 91 71 45 62 60 65 67 63 71 16 90 91 24 13 55 70 81 56 99 81 76 40 79 65 90 94 90 98 28
split_gain=101.922 23.1115 21.8723 18.7542 14.2468 11.5824 9.50769 8.21795 7.95957 8.28511 7.82288 8.42086 7.25884 6.30813 6.17312 6.29813 5.85091 8.61054 9.01435 5.8442 5.81951 5.84284 5.72559 6.27134 6.28905 6.26592 5.67279 5.66115 6.39922 5.38962
threshold=-1.4999999999999998 1.2932199835777285 0.18555499613285067 0.21111111342906955 1.3008600473403933 -0.38512070477008814 1.4915314316749575 -0.1124514266848564 1.1273699998855593 0.93682998418807995 2.3000000715255742 4.4134800434112558 1.2067499756813052 1.0500000119209292 0.30000000447034841 1.1823199987411501 1.7686550021171572 -0.69786962866783131 1.9183099865913393 0.43571428954601293 -0.9886513054370879 1.4002199769020083 0.86607143282890331 1.6310614347457888 1.2260521054267886 1.9224399924278261 3.3416408300399785 3.0706999301910405 0.5000000149011613 1.3642857074737551
decision_type=2 10 8 2 8 8 10 10 10 10 2 8 8 2 2 10 10 8 10 2 10 10 2 8 10 8 10 10 2 2
left_child=1 5 3 7 13 6 20 29 -7 12 26 -12 -10 -4 16 -16 17 -5 19 -19 -1 -22 -21 24 25 -24 27 28 -6 -2
right_child=2 -3 4 14 10 8 -8 -9 9 -11 11 -13 -14 -15 15 -17 -18 18 -20 22 21 -23 23 -25 -26 -27 -28 -29 -30 -31
leaf_value=0.026320302039401978 0.015718378503966911 0.029954129105989408 -0.0053987378101526019 0.027105172956802499 0.014232092005954357 0.0055724308858127328 -0.033755642023794517 -0.027312496003167798 0.015155481231414455 0.039530911368369594 -0.0025925148714916191 -0.033824014767342495 -0.019567694710000097 0.029621925383338122 -0.028355902698801467 -0.0056341869858816352 -0.013554276731808196 0.015497664967832246 0.027570662945693554 -0.03564571098714793 -0.0093268767685258849 0.024298086742150102 0.013838275802638675 -0.023793546091702308 0.0069995184438147763 -0.024427011259583957 0.011476614705433104 -0.02589041601419529 -0.0052876552418883085 -0.019434802576569998
leaf_weight=19.40013861656189 19.464992552995682 151.48269408941269 17.327018827199936 24.719299405813217 50.895234614610672 342.81130385398865 23.181488424539566 255.2555465400219 374.02862074971199 33.895187556743622 44.883356869220734 41.575025230646133 15.682166546583174 49.860616445541382 67.426491975784302 55.684818267822266 141.95950376987457 26.125249326229095 20.905015856027603 19.15013188123703 78.150759726762772 15.478078126907347 14.362184613943098 42.142024636268616 82.709216833114624 41.936775833368301 73.976467549800873 26.791997581720352 239.89592161774635 24.79000061750412
leaf_count=52 54 409 47 67 139 920 63 738 1002 91 125 116 42 134 189 154 399 72 58 53 212 42 40 119 230 116 201 73 657 69
internal_value=0.00017187 0.0118818 -0.00876086 -0.013839 -0.000968386 0.00884885 -0.00458631 -0.0238639 0.0112366 0.0158204 -0.00399858 -0.0176107 0.0137582 0.0205904 -0.00824883 -0.0180786 -0.00532582 -0.00103209 -0.00384425 -0.00674467 0.00139613 -0.00376823 -0.00964574 -0.00689718 -0.00177484 -0.0146653 -0.000992947 -0.00389755 -0.00187124 -0.00397313
internal_weight=2435.95 1054.11 1381.84 836.631 545.206 902.628 136.21 299.511 766.417 423.606 478.018 86.4584 389.711 67.1876 537.121 123.111 414.009 272.05 247.331 226.426 113.029 93.6288 200.3 181.15 139.008 56.299 391.56 317.583 290.791 44.255
internal_count=6683 2833 3850 2358 1492 2424 369 861 2055 1135 1311 241 1044 181 1497 343 1154 755 688 630 306 254 558 505 386 156 1070 869 796 123
is_linear=0
shrinkage=0.05


Tree=25
num_leaves=31
num_cat=0
split_feature=93 3 26 60 69 72 77 83 45 31 50 24 48 57 4 57 11 48 58 56 35 40 60 57 56 34 35 72 89 55
split_gain=13.9051 6.74641 11.5791 8.9961 9.40719 6.56077 8.03219 8.32524 6.44633 6.96001 5.92549 6.30769 6.77427 5.78511 5.78248 5.74086 6.27309 5.55914 5.68647 5.55687 6.74816 6.11081 5.44715 6.10535 7.29897 6.18707 6.32953 7.20777 6.8156 6.5079
threshold=1.4520050287246706 3.7760416269302373 0.60714286565780651 0.45545428991317755 1.5977100133895876 1.5395363569259646 1.3094800114631655 1.5000000000000002 0.18333333730697635 1.6833333373069765 2.3167202472686772 2.1000000238418584 1.8564783334732058 0.28059999644756323 6.0052082538604745 0.41394999623298651 0.30000000447034841 2.0016077756881718 2.0104122161865239 1.2609199881553652 0.29285715520381933 1.3874999880790713 0.60932072997093212 0.2908300012350083 1.2154800295829775 0.43650794029235845 0.31666667759418493 1.215066730976105 0.65000000596046459 1.4871300458908083
decision_type=10 2 2 10 10 10 8 2 2 2 2 2 2 10 2 10 2 2 10 10 2 2 10 10 8 2 2 10 2 10
left_child=1 2 -1 4 19 10 7 8 9 -7 11 12 22 -13 -8 16 -10 18 -16 20 -4 -22 23 24 -3 26 -26 28 -28 -29
right_child=-2 5 3 -5 -6 6 14 -9 15 -11 -12 13 -14 -15 17 -17 -18 -19 -20 -21 21 -23 -24 -25 25 -27 27 29 -30 -31
leaf_value=0.052995588973213076 -0.015247102919671802 -0.009533639027220292 0.047298369429795276 -0.018595395963197866 0.052091446956791368 -0.037354157675454316 0.00405266883513653 0.041612246279551506 0.036229684107377168 6.3825324394771065e-06 -0.014754656606191716 -0.014620183362798725 0.023693426959058853 0.015413011878455708 -0.016091231740055934 -0.0021980239057130509 -0.0054950347503517401 -0.032177597351056846 0.010006586550388155 -0.0013384291979500835 0.029380640191950337 -0.016942833968309184 -0.029301828972426454 0.02066566334136502 0.009041960940041999 -0.0077420115046285308 0.0091339859348680674 -0.021967369030257065 -0.013554355662756713 0.016471836214942453
leaf_weight=14.751465439796446 138.98944683372974 109.98705111443996 16.076100707054138 28.761781051754951 13.345183968544005 20.844829246401787 45.595914706587791 12.666576892137526 25.708143085241318 31.012234777212143 50.689251929521561 85.390741929411888 41.364846676588058 19.74112594127655 107.58363276720047 70.306462198495865 13.867184698581694 40.496224194765091 25.896782517433167 67.702388137578964 14.594147086143495 13.899901598691939 12.843567192554472 49.09745180606842 491.03795871138573 96.994488149881363 156.60001581907272 55.741431027650833 41.972671419382095 13.721709698438643
leaf_count=51 528 377 54 102 46 74 165 44 88 108 174 297 143 68 384 247 48 153 94 230 49 47 45 168 1656 333 529 192 142 47
internal_value=-1.31305e-05 0.00117088 0.010673 0.00662895 0.0124044 0.00017833 -0.00543431 0.0025762 -0.000480906 -0.0150113 0.00198317 0.00270555 0.00385445 -0.0089807 -0.011797 0.00637651 0.0216094 -0.0159509 -0.0110279 0.00768701 0.0213967 0.00678323 0.00305617 0.00346555 0.0025914 0.00414922 0.00566868 -0.000511129 0.00433831 -0.0143741
internal_weight=1927.28 1788.29 169.131 154.38 125.618 1619.16 393.978 174.405 161.739 51.8571 1225.18 1174.49 1069.36 105.132 219.573 109.882 39.5753 173.977 133.48 112.273 44.5701 28.494 1028 1015.15 966.055 856.068 759.074 268.036 198.573 69.4631
internal_count=6683 6155 579 528 426 5576 1405 609 565 182 4171 3997 3632 365 796 383 136 631 478 380 150 96 3489 3444 3276 2899 2566 910 671 239
is_linear=0
shrinkage=0.05


Tree=26
num_leaves=31
num_cat=0
split_feature=2 93 71 93 83 51 93 50 40 4 27 60 50 91 5 72 5 78 57 53 73 0 89 81 93 29 52 70 83 99
split_gain=92.5258 39.792 18.6735 17.0963 11.0345 9.26046 9.91221 8.11025 6.79044 5.76441 8.71429 8.53385 7.71197 6.482 8.25251 6.48069 5.73855 11.3353 8.41939 8.36269 5.69382 7.24936 7.34875 5.42057 5.30496 5.24586 6.66912 7.38947 6.05716 5.50909
threshold=-1.4999999999999998 0.93812668323516857 0.35433501005172735 0.71885499358177196 -0.3000000044703483 2.1395201683044438 0.54026001691818248 2.2877813577651982 2.0499999523162846 5.0312500000000009 0.30000001192092901 -0.37615786492824549 1.6250643730163576 1.0217500329017641 -1.1128472685813902 1.3339447975158694 1.1197916865348818 -0.20774500072002408 -0.11361999809741972 1.3380410671234133 1.3818446993827822 7.5000000000000009 0.35000000894069677 -0.47526483237743372 0.34697000682353979 0.87857142090797435 0.78617364168167125 1.0693399906158449 1.1000000238418581 0.95138886570930492
decision_type=2 10 10 10 2 2 10 2 2 2 2 8 2 10 2 8 2 10 10 2 10 2 2 10 8 2 2 8 2 2
left_child=3 5 4 9 -3 7 20 16 -6 -1 -11 23 13 14 -13 -16 25 19 -19 -18 21 22 -7 -12 -9 26 -2 -28 29 -27
right_child=1 2 -4 -5 8 6 -8 24 -10 10 11 12 -14 -15 15 -17 17 18 -20 -21 -22 -23 -24 -25 -26 28 27 -29 -30 -31
leaf_value=-0.018952787254054648 -0.028191256793347066 0.034665073359779745 -0.015868683940071803 -0.024104982003526933 0.0033587714532247871 0.018222183259543532 0.038233776739761215 0.045459574244183731 0.039882848020820039 -0.032069556193739711 -0.0056313509149447582 -0.027443372510990868 -0.025156078357527409 0.029675788053478265 0.015687210381285285 -0.0061651302751878426 -0.025579926722237967 0.053926253142502593 0.010389873225742505 0.016033547594887676 -0.023200912755026559 0.027022089921763637 -0.031076124934636115 0.021905400942859633 0.0098472998028155071 -0.0030754454913296948 -0.027591623440185037 0.012806706558108887 0.027610044572638232 -0.025109730030886592
leaf_weight=106.36678990721703 12.650983512401579 193.64190843701363 26.101672977209091 252.2891460955143 55.472846299409866 15.604009270668032 36.442343890666962 15.781684547662733 16.513977736234665 30.057320684194565 29.400694489479065 38.737216413021088 52.455727905035019 13.346986144781111 40.429914325475693 210.99135142564774 24.028807461261749 20.424472540616989 24.337293773889542 24.264667332172394 13.187733381986616 38.611651927232742 14.663012415170668 45.573959589004517 30.996459662914276 503.66465556621552 12.303674191236494 141.50754708051682 15.281495004892347 30.060622900724411
leaf_count=360 40 541 84 925 163 48 106 48 47 103 97 132 175 46 135 713 75 60 75 77 40 115 46 147 94 1576 39 433 49 94
internal_value=-0.000188645 0.00828761 0.0244862 -0.013276 0.0284516 0.00343492 0.0165338 0.00161997 0.0117375 -0.00846069 -0.00603981 -0.00422426 -0.00745344 -0.00439384 -0.00596101 -0.00265115 0.00044885 0.012129 0.0302552 -0.00467157 0.0068977 0.0126605 -0.00566063 0.0111071 0.0218619 -0.0010703 0.00670495 0.00957516 -0.0034278 -0.00431647
internal_weight=2085.19 1265.54 291.73 819.649 265.629 973.811 118.509 855.302 71.9868 567.36 460.993 430.936 355.961 303.505 290.158 251.421 808.524 93.0552 44.7618 48.2935 82.0664 68.8787 30.267 74.9747 46.7781 715.469 166.462 153.811 549.007 533.725
internal_count=6683 3850 835 2833 751 3015 355 2660 210 1908 1548 1445 1201 1026 980 848 2518 287 135 152 249 209 94 244 142 2231 512 472 1719 1670
is_linear=0
shrinkage=0.05


Tree=27
num_leaves=31
num_cat=0
split_feature=2 71 2 72 64 29 81 77 2 80 81 71 30 29 42 48 29 95 49 64 62 79 97 99 96 92 5 62 0 41
split_gain=95.8362 22.5286 17.8859 13.4639 13.1982 10.5172 9.4084 8.80077 7.72473 7.63238 7.14247 9.99652 6.87083 6.54277 6.05405 7.59316 8.87178 5.71494 5.59547 9.15325 6.54478 5.69965 6.43136 6.39064 6.02849 7.71118 5.59805 5.58098 5.5233 5.93686
threshold=1.0000000180025095e-35 -0.22833999991416928 7.5000000000000009 1.3284499645233157 -0.2726799994707107 0.90714284777641307 -0.56648343801498402 1.2674949765205386 -12.499999999999998 1.0870476961135866 0.87546110153198253 0.70200499892234813 7.5000000000000009 1.1214285492897036 1.5277777910232546 1.5610932707786562 1.1071428656578066 0.19343714416027072 1.3681672215461733 -0.19994499534368512 1.5912699699401858 1.5765180587768557 0.21060948818922046 0.60952383279800426 3.2033925056457524 2.6418800354003911 -0.085069444030523286 1.1733824610710146 3.5000000000000004 1.3874999880790713
decision_type=2 10 2 8 8 2 10 10 2 8 10 10 2 2 2 2 2 10 2 10 8 10 10 2 10 10 2 10 2 2
left_child=1 6 3 7 28 -5 8 -2 -1 -4 11 18 -11 -13 15 16 -10 -8 20 -20 27 22 26 -23 25 -24 -21 -6 -3 -30
right_child=2 4 9 5 10 -7 17 -9 14 12 -12 13 -14 -15 -16 -17 -18 -19 19 21 -22 23 24 -25 -26 -27 -28 -29 29 -31
leaf_value=0.029268799612866214 -0.02410766660304459 0.032409338917960856 -0.030004778758550898 -0.011178087430488247 0.0011223785051363883 0.0046079080722800352 -0.027794670704718971 -0.007442348640765685 0.0059038329755358521 0.017305485507843717 -0.013588455968443684 0.0093887203814684798 -0.016443741505749378 0.03371185418706981 0.01147680316483219 0.009791032328260731 -0.025260111087526474 -0.0041479076108478187 -0.036358265130039855 -0.042739662229011578 -0.0044291286851686614 0.029086847682617226 -0.015128093929643425 -0.0097595270751386232 -0.021486240095132465 0.025123258445179 -0.0024278599784670288 0.032138072582577192 0.021899011085620833 -0.00035308155638386464
leaf_weight=31.467397183179855 125.096963763237 100.91073057055473 111.00083130598068 156.82872554659843 20.130310267210007 322.4422699213028 33.554333239793777 216.01467829942703 38.950388014316559 15.964558899402617 31.60455983877182 47.326067268848419 272.39421090483665 66.493469744920731 123.33164903521538 65.589681029319763 55.205303132534027 107.12432023882866 15.303536444902418 15.277100265026091 29.686826199293137 36.528033077716827 16.745880961418152 14.908242374658583 15.673165947198866 41.107443779706955 19.740448892116547 51.893686175346375 184.5396708548069 35.787685245275497
leaf_count=84 358 273 328 433 54 879 92 601 105 45 86 127 777 179 332 176 149 294 41 41 80 98 45 40 42 110 53 139 495 96
internal_value=-0.000318462 0.00972069 -0.0101859 -0.0059615 0.0150833 -0.00055764 0.000960294 -0.0135541 0.00576746 -0.0188639 0.00927453 0.0111234 -0.0145753 0.0235983 0.003155 -0.00326986 -0.0123682 -0.00978808 0.00599739 0.000584053 0.0153265 0.00411791 -0.00237878 0.0178277 0.00602045 0.0134723 -0.0200147 0.0234694 0.0227216 0.0182846
internal_weight=2418.62 1198.88 1219.74 820.383 743.657 479.271 455.223 341.112 314.544 399.36 422.419 390.814 288.359 113.82 283.077 159.745 94.1557 140.679 276.995 175.284 101.711 159.98 108.544 51.4363 73.5265 57.8533 35.0175 72.024 321.238 220.327
internal_count=6652 3231 3421 2271 1999 1312 1232 959 846 1150 1135 1049 822 306 762 430 254 386 743 470 273 429 291 138 197 155 94 193 864 591
is_linear=0
shrinkage=0.05


Tree=28
num_leaves=31
num_cat=0
split_feature=96 24 63 82 89 24 69 88 74 3 49 60 56 92 28 79 64 82 51 5 77 74 37 80 93 67 41 79 24 59
split_gain=12.1185 9.37546 8.79528 6.03526 5.22809 5.09215 7.17032 7.67108 6.81043 6.65459 8.81422 7.81909 11.2154 7.65843 11.2656 6.60801 6.47744 6.9564 6.25977 6.88037 6.74621 6.17231 5.96776 6.47347 10.0264 7.55887 5.49453 7.66859 5.36971 5.16367
threshold=2.8085669279098515 2.1000000238418584 1.6268575191497805 -1.3000000119209287 -1.1642857193946836 1.0214285850524905 0.89944499731063854 -1.2785714268684385 -0.71679469943046559 6.0989582538604745 1.3956215381622317 -0.68628641963005055 1.5318300127983095 2.172744989395142 0.90714284777641307 0.85506781935691845 0.068725001066923155 0.30000000447034841 0.76518699526786815 -1.0173611044883726 1.7506100535392763 -0.42491993308067316 1.0000000180025095e-35 1.1659151315689089 0.41972999274730688 0.29546643793582922 1.3874999880790713 1.3667504787445071 1.9999999403953554 1.6218900084495547
decision_type=10 2 10 2 2 2 8 2 10 2 2 8 10 10 2 8 10 2 2 2 8 10 2 8 10 8 2 8 2 10
left_child=1 5 3 -2 -3 9 8 -8 -7 10 11 -1 13 14 -13 -9 17 18 20 -20 -11 -14 -17 24 -24 -26 -21 -28 -25 -18
right_child=2 4 -4 -5 -6 6 7 15 -10 16 -12 12 21 -15 -16 22 29 -19 19 26 -22 -23 23 28 25 -27 27 -29 -30 -31
leaf_value=-0.011588369782271997 -0.015404255047536772 -0.035526267718459285 -0.015071138760883403 0.00031199966983343251 -0.0055613880947958973 0.0050048123784285524 0.043465267325233793 -0.017872778788547618 0.050312514194635005 0.050446684084859805 0.042332214293839994 0.046842917362607206 0.017131660682228097 -0.015886003147861434 -0.00080904435678974768 0.032541716428732735 -0.032068095579384968 -0.022017177666720875 -0.030453880784275057 -0.0037289219408340422 0.0025505118939585527 0.067649989460112081 -0.0018388024934423296 0.0029468144094563302 0.071060779205681837 0.019558267364178893 0.041347866200653338 0.0042658923986275861 0.02996063395338466 -0.0038647877132004498
leaf_weight=47.160466626286507 69.50653350353241 17.558455094695091 153.38039496541023 504.1929831802845 85.142094612121582 14.660728782415388 13.986654400825499 27.599814355373383 19.099328815937042 13.928333401679994 18.054048269987106 18.763274759054184 11.892931103706362 30.420156717300415 36.591467827558517 22.29564043879509 30.230372622609138 29.790868759155273 16.482501208782196 110.24510768055916 15.570625126361845 12.299102485179899 22.973822772502899 421.12196743488312 12.815136194229124 16.042964726686481 18.935504496097565 52.870560556650162 19.236087054014206 35.041264772415161
leaf_count=161 253 64 569 1774 299 49 47 97 63 46 60 62 40 104 123 75 104 102 56 371 53 41 79 1434 43 54 64 178 66 121
internal_value=0.000650866 0.00375652 -0.00443556 -0.0015921 -0.0106844 0.00511951 0.00826332 0.00690497 0.0306371 0.00139805 0.00924529 0.00544357 0.0127479 0.00426777 0.0153433 0.00596166 -0.0028567 0.000705412 0.00367396 0.000480681 0.0251653 0.0428149 0.00724027 0.00609414 0.022808 0.0424292 0.00328143 0.0140445 0.00412685 -0.0169271
internal_weight=1917.89 1190.81 727.08 573.7 102.701 1088.11 589.832 556.072 33.7601 498.277 175.181 157.127 109.967 85.7749 55.3547 542.085 323.095 257.824 228.033 198.534 29.499 24.192 514.486 492.19 51.8319 28.8581 182.051 71.8061 440.358 65.2716
internal_count=6652 4056 2596 2027 363 3693 2007 1895 112 1686 591 531 370 289 185 1848 1095 870 768 669 99 81 1751 1676 176 97 613 242 1500 225
is_linear=0
shrinkage=0.05


Tree=29
num_leaves=31
num_cat=0
split_feature=2 2 79 77 93 69 4 34 79 66 88 51 109 70 63 3 42 69 93 28 58 45 59 33 79 90 37 51 88 89
split_gain=83.8787 28.2353 17.4236 14.6086 13.2179 10.6728 9.08696 9.8877 9.04569 7.76513 8.37856 7.32704 6.92681 7.25719 6.76225 7.04519 6.56593 6.30529 7.95786 7.10683 8.42822 5.89231 5.87463 5.83971 6.13207 7.65477 5.47474 5.45791 7.6769 5.03317
threshold=-2.4999999999999996 7.5000000000000009 1.2830601334571841 0.88059499859809887 0.68116500973701488 1.2299550175666811 14.140625000000002 0.10555555671453477 2.2203867435455327 1.9106300473213198 -0.35000000894069666 2.2290415763854985 1.0000000180025095e-35 1.790775001049042 1.7361299991607668 6.3281250000000009 1.4365079402923586 1.1038792729377749 0.59054213762283336 0.75000000000000011 0.93982642889022838 0.47222222387790685 0.93694713711738598 1.9499999880790713 1.7649715542793276 2.5084899663925175 0.21111111342906955 2.3070739507675175 -0.99285712838172901 0.49285714328289038
decision_type=2 2 10 8 10 10 2 2 10 8 2 2 2 10 10 2 2 8 10 2 10 2 8 2 10 10 2 2 2 2
left_child=4 2 17 -3 22 9 7 -7 14 10 23 -10 13 27 16 -16 -9 19 -19 -2 -21 -18 -1 24 25 -4 -22 -5 -29 -15
right_child=1 3 5 12 -6 6 -8 8 11 -11 -12 -13 -14 29 15 -17 21 18 -20 20 26 -23 -24 -25 -26 -27 -28 28 -30 -31
leaf_value=-0.029766543400311232 -0.01653875893031638 0.045505362892086648 0.036449739730283336 0.0061433433781025899 -0.024225880791879793 0.03682979499201882 0.029802751482014229 -0.002199643209468965 -0.0041078551699656419 -0.017400641451432733 0.0081535974061760514 0.041939443740713039 0.040058784698967898 0.04603637730100283 -0.0093325527488631373 0.039428354953262072 -0.033690684934870478 -0.0047967328570384798 -0.025527472936987677 -0.0031725426042930119 0.047535423364268151 -0.0010496718428833114 -0.0079465804077796902 0.060575868761326229 0.042830930458827784 -0.0038945327317086269 0.0090523626295066235 0.0073937003093003818 0.055880886953954358 0.017610792810916438
leaf_weight=33.313809931278229 25.313935846090317 43.285926848649979 21.65280145406723 225.50164616107941 233.42001265287399 18.303719699382782 30.114982753992081 187.61208516359329 14.805119425058363 13.823563456535338 67.095247715711594 20.742258667945862 25.090170621871948 23.343320310115814 13.067365527153017 17.103862375020981 36.564598888158798 301.89017176628113 54.676155656576157 35.804772347211838 21.162285476922989 22.232935816049576 416.57307031750679 14.408388555049894 32.162854433059692 25.726795643568039 16.407387614250183 19.424885034561157 14.081068336963652 46.780738323926926
leaf_count=117 80 119 64 667 874 55 92 589 44 42 200 59 72 66 42 54 118 965 187 110 65 70 1415 41 91 77 51 54 40 132
internal_value=-0.000230776 0.00682817 0.00231115 0.0180855 -0.0145715 0.00842558 0.00350927 0.00111292 -0.000981573 0.0185621 0.0216489 0.0227612 0.0147348 0.0128043 -0.0040331 0.0183097 -0.00676882 -0.00487991 -0.0079756 0.006305 0.014186 -0.0213482 -0.00956233 0.0312867 0.0259812 0.0145431 0.0307291 0.00894112 0.0277707 0.0270733
internal_weight=2071.49 1388.18 990.671 397.508 683.307 535.417 360.547 330.432 312.128 174.87 161.046 35.5474 354.222 329.132 276.581 30.1712 246.41 455.255 356.566 98.6884 73.3744 58.7975 449.887 93.9508 79.5425 47.3796 37.5697 259.008 33.506 70.1241
internal_count=6652 4246 3096 1150 2406 1638 1123 1031 976 515 473 103 1031 959 873 96 777 1458 1152 306 226 188 1532 273 232 141 116 761 94 198
is_linear=0
shrinkage=0.05


Tree=30
num_leaves=31
num_cat=0
split_feature=2 93 97 69 71 43 51 64 0 80 49 63 57 93 47 1 27 76 77 63 69 33 93 24 24 49 2 27 80 51
split_gain=82.3528 22.3222 18.0277 13.7788 10.6512 9.10896 7.74944 7.27646 7.53885 9.54023 8.77863 7.72498 7.27519 6.46313 6.65792 6.32989 10.1931 8.47612 6.91169 6.48607 5.93428 7.32485 5.89935 5.88017 5.42504 5.36139 5.35727 6.11349 8.1039 5.28554
threshold=1.0000000180025095e-35 1.0819799900054934 0.54500022530555736 1.9273178577423098 -0.22833999991416928 1.0000000180025095e-35 1.6723117828369143 -1.0373199582099912 7.5000000000000009 0.98209357261657726 1.0080385804176333 1.8749499917030337 0.64764001965522777 0.68116500973701488 0.10555555671453477 5.5000000000000009 1.3071428537368777 1.4002199769020083 1.6813300251960757 1.3306900262832644 1.2031050324440005 1.1547619104385378 1.697999954223633 1.8214285969734194 1.0357143282890322 1.0911698937416079 -12.499999999999998 0.73571428656578075 1.2732492685317995 1.2668924331665041
decision_type=2 10 10 10 8 2 2 8 2 8 2 10 10 10 2 2 2 8 10 8 10 2 10 2 2 2 2 2 10 2
left_child=1 4 12 6 5 -1 20 -6 9 -9 -11 13 15 14 -10 24 19 18 -18 -17 -4 -22 -3 -14 -2 -12 -27 28 -28 -19
right_child=2 22 3 -5 7 -7 -8 8 11 10 25 -13 23 -15 -16 16 17 29 -20 -21 21 -23 -24 -25 -26 26 27 -29 -30 -31
leaf_value=0.032095679874182999 -0.0021605206921881163 0.019888694047030645 -0.018124727777532601 0.027690218972197672 0.038675467903836025 -0.006985784507968492 -0.024061084707273431 -0.014391882510993837 -0.027574921322249459 -0.011904482592790635 0.043896522168214366 -0.029936011968099252 0.031009102605615624 0.023709708946967119 0.0032442261779651316 0.0094665777161844836 -0.013462665651877308 0.042839788818597076 0.022309621967643106 -0.014025928006069568 0.030145024742632667 -0.0078334016145978572 0.039903184591739235 -0.0061309553249937728 -0.016764488950016129 0.027945586825118569 -0.027832836956501895 0.014648097272004175 0.010785014924611711 0.010902101223322918
leaf_weight=16.221642196178436 102.06295251846313 133.44778794050217 124.20251879096031 16.957705110311508 20.187248706817627 184.3434853553772 254.91598549485207 32.874208569526672 19.267848879098892 32.055951684713364 15.666909754276274 18.311582326889038 25.754378706216812 34.756762951612473 193.6424095928669 36.184301674365997 64.973894715309143 14.718823015689848 17.045441716909409 156.2596178650856 15.433732092380522 71.570514321327209 50.845601230859756 18.180298686027527 168.70721110701561 60.907083213329315 20.89141845703125 333.5087311565876 38.843480557203293 108.07571125030518
leaf_count=44 285 361 356 46 54 504 754 89 52 86 42 49 70 93 521 100 181 40 47 431 42 200 141 50 468 163 56 894 104 297
internal_value=0.000175057 0.00939417 -0.00912682 -0.0165822 0.00650451 -0.00382489 -0.0181928 0.00902819 0.00828075 0.0117023 0.0134116 0.00140164 -0.00406823 0.00371863 0.00045517 -0.00536442 -0.00134619 0.00641733 -0.00602839 -0.00960875 -0.0111101 -0.00109639 0.0254106 0.0156404 -0.0112597 0.0151389 0.0141469 0.0120097 -0.00272102 0.0147303
internal_weight=2400.82 1205.77 1195.04 483.08 1021.48 200.565 466.123 820.914 800.726 534.748 501.874 265.979 711.963 247.667 212.91 668.028 397.258 204.814 82.0193 192.444 211.207 87.0042 184.293 43.9347 270.77 469.818 454.151 393.244 59.7349 122.795
internal_count=6620 3253 3367 1398 2751 548 1352 2203 2149 1434 1345 715 1969 666 573 1849 1096 565 228 531 598 242 502 120 753 1259 1217 1054 160 337
is_linear=0
shrinkage=0.05


Tree=31
num_leaves=31
num_cat=0
split_feature=93 32 67 74 74 36 49 0 42 22 45 74 57 87 18 50 5 4 33 73 0 23 52 50 3 29 59 77 88 88
split_gain=11.4494 5.5952 7.23569 5.36621 7.5185 9.8481 7.38415 4.8559 8.3102 4.77277 7.98454 7.29882 10.425 6.35013 6.12776 5.6274 6.29877 4.29239 5.86571 7.45882 8.36823 5.00604 4.64568 4.92148 4.48894 4.82977 5.85921 4.44664 4.44159 4.78691
threshold=1.4520050287246706 1.4722222089767458 0.1539300009608269 -0.078695174306631074 -0.12047698721289633 0.43650794029235845 1.429210960865021 14.500000000000002 0.94999998807907116 1.0000000180025095e-35 0.43650794029235845 -0.26852394640445704 -0.71774998307228077 0.27857144176959997 2.3000000715255742 2.439290046691895 3.1406250000000004 6.0052082538604745 0.61250001192092907 1.3515408635139468 3.5000000000000004 1.0000000180025095e-35 1.4177410602569582 1.4292604327201845 6.999652862548829 0.9357142746448518 1.0064478516578677 1.452039957046509 1.9071428179740908 1.4071428179740908
decision_type=10 2 10 10 10 2 2 2 2 2 2 8 10 2 2 2 2 2 2 10 2 2 2 2 2 2 10 10 2 2
left_child=3 2 -2 4 9 6 -6 8 -4 10 -1 12 14 -14 -12 16 -11 18 -5 21 -21 -20 23 -22 25 -23 -27 -28 29 -19
right_child=1 -3 7 17 5 -7 -8 -9 -10 15 11 -13 13 -15 -16 -17 -18 28 19 20 22 24 -24 -25 -26 26 27 -29 -30 -31
leaf_value=-0.013365190088223644 0.032681063157298428 -0.024841048936004171 -0.02549280376463622 0.033476937871812218 -0.018499492183957807 0.054308695507157445 0.032619041900980437 -0.026041396768854204 0.027130639129419612 0.0058661998876204414 0.011102276375263327 -0.0091279254378813911 0.063453543737784113 0.019289206831729477 -0.033044459952521026 -0.017293634327262403 -0.024924218992402707 -0.0044101856250774113 -0.021359035734715277 -0.01939024920213241 -0.014519002062829418 0.013416682582764475 0.04018552180548382 0.028501234761439859 0.024051725487685256 0.0087694326680042584 -0.040000983971394559 -0.0028796002150562531 0.026109416545641081 -0.027264589470031075
leaf_weight=112.97689694166183 11.106571912765501 63.410522490739822 14.008511513471605 15.316278740763662 14.990540623664858 16.358589768409729 13.361225008964537 28.699966609477997 16.153091162443161 738.78973814845085 22.721562892198563 52.502906292676926 12.240844786167143 24.290020316839218 12.017938762903212 28.936923801898956 16.991836786270142 459.09784980118275 36.111319333314896 13.835633695125578 11.588008642196657 25.511231631040573 24.493603974580765 15.594453215599058 16.688342317938805 19.572490677237511 20.763645380735397 13.19304423034191 11.337693840265272 24.115087315440178
leaf_count=384 41 257 53 54 52 54 45 108 59 2488 76 181 40 80 41 101 58 1627 127 49 41 88 84 54 59 69 73 47 41 89
internal_value=4.39704e-05 -0.0140837 -0.00433462 0.00110653 0.0033466 0.0234158 0.00559094 -0.0113191 0.00268976 0.00246816 -0.00375419 0.00501847 0.0154397 0.0340879 -0.00417004 0.00434545 0.00517396 -0.00227054 0.00366961 0.00135629 0.0151458 -0.00549575 0.0243924 0.0101615 0.000488278 -0.00448683 -0.0130194 -0.0255784 -0.00482493 -0.00555075
internal_weight=1906.78 133.379 69.9681 1773.4 1066.18 44.7104 28.3518 58.8616 30.1616 1021.47 236.75 123.773 71.2704 36.5309 34.7395 784.718 755.782 707.219 212.668 197.352 65.5117 131.84 51.6761 27.1825 95.7288 79.0404 53.5292 33.9567 494.551 483.213
internal_count=6620 518 261 6102 3600 151 97 220 112 3449 802 418 237 120 117 2647 2546 2502 745 691 228 463 179 95 336 277 189 120 1757 1716
is_linear=0
shrinkage=0.05


Tree=32
num_leaves=31
num_cat=0
split_feature=2 93 65 73 81 2 48 66 71 38 51 3 8 50 89 55 66 7 50 77 77 92 51 11 52 28 17 34 25 66
split_gain=74.2875 26.3896 20.672 12.2595 8.39426 8.23246 8.22647 8.0704 7.39442 7.33371 6.70787 6.59514 9.81773 7.10099 5.74228 5.99926 7.24937 5.6991 5.66545 8.87707 5.66001 5.63665 5.89551 5.5687 5.93598 13.9729 5.74784 5.46503 5.69526 5.27542
threshold=-2.4999999999999996 0.93812668323516857 1.2653300166130068 1.3307120800018313 0.89260175824165355 8.5000000000000018 1.2824186682701113 0.97567498683929454 -0.78095555305480946 0.23611111193895343 2.2395498752593999 15.067708492279055 1.3000000119209292 2.0916398763656621 -1.0000000180025095e-35 1.3574299812316897 1.4975921511650088 1.6999999880790713 1.6824730038642886 1.0412799715995791 1.1523450016975405 2.2218199968338017 0.80546623468399059 0.30000000447034841 1.3628801107406618 1.4928571581840517 1.8999999761581423 0.29285715520381933 1.4642856717109682 1.7445428967475893
decision_type=2 10 10 8 8 2 2 8 10 2 2 2 2 2 2 8 10 2 2 10 10 8 2 2 2 2 2 2 2 10
left_child=3 5 8 4 -1 7 14 17 -3 10 27 13 -13 29 -7 16 -16 18 19 -2 -8 22 -5 24 -23 -26 -27 -4 -29 -9
right_child=1 2 9 21 -6 6 20 11 -10 -11 -12 12 -14 -15 15 -17 -18 -19 -20 -21 -22 23 -24 -25 25 26 -28 28 -30 -31
leaf_value=-0.022916619371789824 0.011285701779758555 0.011166425543935592 -0.020187517533319391 -0.0086886314085361082 0.021158794140582814 -0.012418951208819699 0.0474928899125521 -0.0056136982512620184 -0.028563988763870198 0.031398481642820102 0.030360140162476401 -0.003961170982635198 0.043113796448278292 0.012985309778814595 0.01277019620475546 0.0017093730605237068 0.053066149992376646 -0.0031206549587404755 -0.0039239281345126754 0.053493206962207857 0.010148448169101487 -0.010074583495807974 0.029653401889733907 -0.017574764066376192 0.0464559566190779 -0.020184328125804549 0.019208002960559332 0.038010817444840861 -0.0017835980016952082 0.0074093468376859612
leaf_weight=290.11510546505451 26.958427488803864 21.105598717927933 17.614971280097961 20.624226465821266 11.220437198877333 31.507734268903732 23.958456665277481 566.5732242166996 26.310128390789032 164.155503064394 36.759928315877914 24.1975998878479 20.424254089593887 69.455043733119965 42.170204311609268 71.249904960393906 15.178802549839018 31.913667351007462 15.354609727859495 23.159462958574295 17.5995072722435 142.36105109751225 19.509246587753296 138.63665303587914 17.368995875120163 27.571716278791428 13.943160653114317 14.599815487861632 23.403889745473862 90.1338170170784
leaf_count=1083 82 61 50 72 38 94 69 1798 91 454 102 74 62 212 122 211 44 100 47 70 51 493 63 477 59 94 48 42 71 286
internal_value=-0.000245299 0.00644944 0.0194507 -0.0137437 -0.0212754 0.00275567 0.0118562 0.000641752 -0.0108793 0.0250566 0.0137872 -0.0010718 0.0175859 -0.0022183 0.00671116 0.0113982 0.0234355 0.014204 0.0226487 0.0307898 0.0316778 -0.00777132 0.00994978 -0.00986384 -0.00455182 0.00880032 -0.00695404 0.00283367 0.0135042 -0.00382627
internal_weight=2055.14 1373.78 303.95 681.351 301.336 1069.83 201.665 868.17 47.4157 256.534 92.3786 770.784 44.6219 726.162 160.107 128.599 57.349 97.3862 65.4725 50.1179 41.558 380.015 40.1335 339.882 201.245 58.8839 41.5149 55.6187 38.0037 656.707
internal_count=6620 4193 871 2427 1121 3322 591 2731 152 719 265 2432 136 2296 471 377 166 299 199 152 120 1306 135 1171 694 201 142 163 113 2084
is_linear=0
shrinkage=0.05


Tree=33
num_leaves=31
num_cat=0
split_feature=2 93 80 71 69 92 97 2 1 27 29 89 47 81 49 76 88 55 37 35 87 84 93 3 67 42 78 78 29 65
split_gain=74.1253 23.2022 17.7628 9.66754 9.21753 9.11795 8.36245 7.26077 7.15603 6.83416 7.28116 6.65872 7.76895 7.84978 7.20776 7.43961 6.36615 6.93466 6.27962 6.25873 7.31756 6.27174 6.25498 6.06693 5.98788 5.95199 5.48058 7.30224 6.12812 5.23194
threshold=1.0000000180025095e-35 0.68116500973701488 1.1886495351791384 0.40402999520301824 1.4089999794960024 2.8325949907302861 0.57943102717399608 -5.4999999999999991 3.5000000000000004 1.3214285969734194 0.57857143878936779 -0.73571428656578053 0.29285715520381933 0.070168763399124159 1.1430868506431582 1.0861800312995913 0.17857143282890323 1.0612699985504153 0.15476191043853763 1.0000000180025095e-35 0.77857142686843883 1.0000000180025095e-35 0.57839640974998485 8.072916507720949 -0.34402142465114588 1.9499999880790713 0.73762500286102306 0.29866278171539312 1.47857141494751 1.6482322812080386
decision_type=2 10 8 10 10 10 8 2 2 2 2 2 2 8 2 8 2 10 2 2 2 2 10 2 8 2 10 10 2 10
left_child=1 7 6 8 5 -3 23 19 -4 -10 -11 12 13 -9 18 24 -12 -18 -13 -1 25 -22 26 -2 -16 -21 27 28 -17 -29
right_child=2 4 3 -5 -6 -7 -8 11 9 10 16 14 -14 -15 15 22 17 -19 -20 20 21 -23 -24 -25 -26 -27 -28 29 -30 -31
leaf_value=0.041036133613182896 -0.00060472865726542689 0.012571102911065625 -0.015424272968802159 0.01589105353440912 0.023224066009419578 -0.026974541230704668 -0.023628535891213612 -0.029015737522503256 -0.0094791506715011797 -0.019893874044237439 0.00062370674171075935 0.0095427572580129277 0.026468119206586184 0.013873874850656274 0.0010137675283835282 0.011823374897249486 0.042068425002969645 0.0023586611224198422 -0.018812954044016141 0.017624950479206775 0.002995523945307331 -0.031319994799258406 -0.02310176585961201 -0.026495130024583525 -0.041737268925895028 -0.010284503307727037 -0.019692456162677535 0.010182496709310452 -0.0081648697129165695 0.046938419783242154
leaf_weight=15.330234944820402 87.664891719818115 87.894201517105103 163.3118132352829 53.3301140666008 297.25263687968254 17.473860830068588 232.00258406996727 17.286967903375626 279.36088740825653 37.054479658603668 263.38646107912064 24.630776941776276 47.172367751598358 27.86369776725769 16.213973373174667 110.26724261045456 20.869687616825104 23.234599232673645 94.192201614379883 166.77290305495262 103.40177580714226 15.283202290534971 18.568365126848221 30.499443739652634 16.552212059497833 21.574116498231888 17.609469056129456 18.972810804843903 58.790358692407608 19.770050138235092
leaf_count=41 244 237 464 144 808 48 693 47 777 104 736 67 127 75 44 297 57 64 256 447 277 41 50 85 45 58 48 51 159 53
internal_value=0.000209369 0.00890937 -0.00865254 -0.00471088 0.0187198 0.006013 -0.0181142 0.00403448 -0.00610656 -0.00366758 0.0010445 0.000187127 0.0122781 -0.0025474 -0.00263482 0.00178771 0.0035677 0.0211489 -0.0129351 0.00985739 0.00830063 -0.00142333 0.004792 -0.00728731 -0.0205824 0.0144281 0.00708978 0.00935937 0.00487239 0.0289386
internal_weight=2403.59 1212.87 1190.71 840.548 402.621 105.368 350.167 810.253 787.218 623.906 344.545 487.89 92.323 45.1507 395.567 276.744 307.491 44.1043 118.823 322.362 307.032 118.685 243.978 118.164 32.7662 188.347 225.41 207.8 169.058 38.7429
internal_count=6644 3276 3368 2346 1093 285 1022 2183 2202 1738 961 1319 249 122 1070 747 857 121 323 864 823 318 658 329 89 505 608 560 456 104
is_linear=0
shrinkage=0.05


Tree=34
num_leaves=31
num_cat=0
split_feature=97 25 28 52 60 73 20 53 22 56 63 28 31 49 17 65 2 95 78 58 92 78 25 20 58 66 50 74 38 62
split_gain=9.93077 6.41977 6.17237 8.44479 7.40374 7.11597 6.34745 7.41239 8.38882 6.14925 10.4481 5.78341 5.46578 5.37755 6.47963 5.3659 5.20616 5.1954 5.13963 5.08483 5.28369 4.93623 4.86025 4.43688 6.69284 7.37735 5.59036 6.93724 4.6732 4.52731
threshold=0.94735580682754528 1.7500000000000002 1.8357142806053164 1.8435519337654116 0.33952428400516516 1.1111178398132326 1.0000000180025095e-35 1.5796575546264651 0.5000000149011613 1.2154800295829775 1.2628999948501589 1.7214285731315615 1.1833333373069765 1.5499196052551272 2.5000000000000004 1.6146121621131899 14.500000000000002 0.017039285041391853 0.72291001677513134 2.1416000127792363 3.4740250110626225 0.36822500824928289 1.1357142925262453 0.30000000447034841 1.5209514498710635 2.0008364915847783 1.3345102667808535 0.29686349630355841 0.29285715520381933 1.3282099962234499
decision_type=10 2 2 2 10 8 2 2 2 8 8 2 2 2 2 10 2 8 8 10 10 10 2 2 10 10 2 10 2 10
left_child=2 16 3 11 5 -4 7 8 22 -8 -11 17 -12 -6 18 -13 23 -1 21 -3 -21 -15 -7 24 25 -2 27 -25 -28 -30
right_child=1 19 4 -5 13 6 9 -9 -10 10 12 15 -14 14 -16 -17 -18 -19 -20 20 -22 -23 -24 26 -26 -27 28 -29 29 -31
leaf_value=-0.02816836665849189 -0.0044910013990957145 -0.024255000440598296 0.050230316503066391 -0.026967647026086696 -0.022484108435543913 0.022333175714979156 -0.026839779662100979 0.053191272792432458 0.0483825833770401 0.040767420284081306 0.016926128817609534 -0.023899114449066963 -0.0065842492416166402 0.020963521009437852 -0.024263616187296021 0.0070087344484874555 -0.02910384217316226 0.0023011761750274984 0.038297800867966185 0.018716713276440974 -0.017037662890514463 -0.021166838392180386 -0.017136095143642577 0.043372319432512081 -0.024948427238064889 0.033729889314869192 0.021878901430362151 -0.002148153339898201 0.014973026415858355 -0.022425689713681089
leaf_weight=14.167940258979796 121.00297573208809 76.619862020015717 12.39156600832939 27.42327207326889 26.921785399317741 13.930648177862169 13.434837579727171 16.571882665157318 12.666640400886534 21.194276511669159 39.704813003540039 42.211479663848877 65.509645462036133 15.312885150313383 14.512125641107557 21.042846351861954 17.431262537837029 1115.8852049559355 14.744992077350611 17.179220899939537 25.927485764026642 12.734420359134672 17.722615361213684 19.705885112285614 35.320405095815659 14.095960825681685 14.927208185195921 14.549380227923391 11.608047634363173 26.71755775809288
leaf_count=48 433 295 41 95 95 47 46 55 42 70 133 146 224 55 51 73 66 3805 49 69 106 45 61 68 134 51 52 55 40 94
internal_value=0.000200998 -0.00686034 0.00203873 0.000465202 0.00849857 0.0134584 0.0111884 0.0246625 0.0139952 0.00532141 0.00873953 0.00109563 0.00228787 -0.00405175 0.00460782 -0.013617 -0.00265762 0.00191917 0.014399 -0.0165262 -0.00278855 0.00183492 0.000234389 -0.000870335 -0.00556954 -0.000503108 0.00828123 0.0240382 -0.00185457 -0.0110984
internal_weight=1913.17 395.085 1518.08 1220.73 297.353 213.127 200.735 60.8918 44.3199 139.844 126.409 1193.31 105.214 84.2262 57.3044 63.2543 275.359 1130.05 42.7923 119.727 43.1067 28.0473 31.6533 257.927 170.419 135.099 87.5081 34.2553 53.2528 38.3256
internal_count=6644 1463 5181 4167 1014 719 678 205 150 473 427 4072 357 295 200 219 993 3853 149 470 175 100 108 927 618 484 309 123 186 134
is_linear=0
shrinkage=0.05


Tree=35
num_leaves=31
num_cat=0
split_feature=1 74 78 74 93 0 3 52 49 16 33 62 49 112 29 87 109 77 88 29 32 3 69 1 55 3 4 33 38 88
split_gain=46.8194 30.0825 22.4583 14.0783 13.4801 9.57849 8.11641 7.79408 7.81264 7.8259 6.4732 6.38054 6.34231 6.27184 6.12602 6.96933 5.92109 6.06914 5.66305 6.74956 5.47037 5.34155 7.451 5.29208 5.26215 5.01772 5.80043 4.85919 4.84548 7.32095
threshold=3.5000000000000004 0.011705144774168732 -0.25695000588893885 -0.13408102840185163 0.80963999032974254 19.500000000000004 14.244791507720949 2.7483844757080083 2.0016077756881718 1.5000000000000002 2.1339285373687749 1.6922100186347964 0.69838917255401622 1.0000000180025095e-35 0.52142858505249035 -0.23571428656578061 1.0000000180025095e-35 1.6908600330352785 0.33571429550647741 0.39285714924335485 1.5634920597076418 14.911458492279055 1.4357799887657168 9.5000000000000018 0.67186999320983898 3.175347208976746 3.7760416269302373 2.154761910438538 0.35416667163372045 0.37857143580913549
decision_type=2 8 10 8 10 2 2 2 2 2 2 10 2 2 2 2 2 10 2 2 2 2 10 2 10 2 2 2 2 2
left_child=3 2 -2 27 5 12 7 8 9 -5 16 -6 -3 14 15 -14 17 24 19 -11 -15 28 -23 -18 -4 -26 -27 -1 -16 -30
right_child=1 4 10 6 11 -7 -8 -9 -10 18 -12 -13 13 20 21 -17 23 -19 -20 -21 -22 22 -24 -25 25 26 -28 -29 29 -31
leaf_value=0.024371892912162459 -0.0072709150350063426 -0.03208894193942198 0.034109396329757596 0.029544996188026019 -0.024880680604444743 0.01766599532805118 0.043085652231123706 0.033169269896017865 -0.022889067439280202 0.035805318532252071 0.027004477361344155 0.0053081244475065388 0.026621449242037548 0.014862983107960765 -0.013887974947051095 -0.019056122584186465 0.042890299140344666 0.037824666558716129 -0.029698337996549647 0.00071443650457834822 -0.01514673833632669 -0.018563827519180336 0.029714823768284063 0.0048585701395154448 -0.022087773517506223 0.027417164292039262 0.0030657554532361742 0.051634667730518148 0.0050211743811266673 -0.029686464358070846
leaf_weight=119.09487733244896 296.05133751034737 26.922777354717255 14.838150084018705 30.302492082118988 173.22362315654755 37.441440284252167 15.559729933738707 23.308596581220627 26.118401736021042 15.458382368087767 52.246190637350082 19.469996586441994 23.972408324480057 53.387758433818817 426.34562054276466 12.814734071493147 22.087181627750397 14.660442322492598 13.119166672229765 120.69969376921654 21.222004413604736 13.875325858592985 18.847309619188309 15.612462341785429 17.880875468254089 26.736553460359573 286.45735773444176 18.943999499082565 79.799018055200577 18.766568154096603
leaf_count=332 971 88 43 93 678 115 45 65 84 46 149 69 76 174 1457 43 63 44 41 363 72 45 62 48 55 80 866 52 261 64
internal_value=-0.000431954 -0.00404124 0.00342693 0.015347 -0.0100617 -0.00696962 0.00814134 0.00576707 0.002662 0.00637819 0.0104568 -0.0218304 -0.00829499 -0.00733748 -0.00905261 0.0107098 0.00828609 0.00631479 0.00167545 0.0046984 0.00632702 -0.0103563 0.00924331 0.0271403 0.00497935 0.00367379 0.00514457 0.0281133 -0.0115782 -0.00158705
internal_weight=2055.26 1672.66 746.571 382.605 926.089 733.395 244.566 229.007 205.698 179.58 450.519 192.694 695.954 669.031 594.421 36.7871 398.273 360.573 149.277 136.158 74.6098 557.634 32.7226 37.6996 345.913 331.075 313.194 138.039 524.911 98.5656
internal_count=6644 5523 2319 1121 3204 2457 737 692 627 543 1348 747 2342 2254 2008 119 1199 1088 450 409 246 1889 107 111 1044 1001 946 384 1782 325
is_linear=0
shrinkage=0.05


Tree=36
num_leaves=31
num_cat=0
split_feature=2 2 97 67 74 24 69 76 94 24 70 56 77 0 48 66 66 81 69 3 31 94 63 47 4 81 47 26 26 53
split_gain=60.1752 18.4484 13.5344 9.88154 11.3839 9.48507 7.74769 7.29482 7.53351 6.89363 8.33716 7.02876 7.50572 6.47031 8.61095 6.99792 7.38898 6.67633 6.31972 7.24351 6.30944 6.27878 6.15778 6.11352 6.00248 6.14444 5.62203 5.41504 6.79056 5.34092
threshold=-2.4999999999999996 7.5000000000000009 1.2217357158660891 1.2222670912742617 -0.078695174306631074 0.9357142746448518 1.2299550175666811 1.5086050033569338 2.682131409645081 0.86428570747375499 1.7969349622726443 1.9267900586128237 1.2750149965286257 7.5000000000000009 1.7427418828010561 1.1819750070571902 1.3932585716247561 -0.15373213589191434 1.9498249888420107 7.1045138835906991 1.2928571105003359 2.3730057477951054 1.8903999924659731 1.0000000180025095e-35 5.7968750000000009 -0.78033089637756337 0.41428571939468389 1.6642857193946841 2.1499999761581425 0.68649518489837658
decision_type=2 2 10 10 8 2 8 10 10 2 10 10 10 2 2 10 10 10 10 2 2 10 8 2 2 8 2 2 2 2
left_child=2 3 6 4 5 9 21 8 -3 10 11 12 -2 20 15 17 -17 -15 19 27 -8 24 -7 -21 -1 -26 -18 29 -29 -6
right_child=1 7 -4 -5 18 22 13 -9 -10 -11 -12 -13 -14 14 -16 16 26 -19 -20 23 -22 -23 -24 -25 25 -27 -28 28 -30 -31
leaf_value=0.028386951265409008 -0.021712116250765495 -0.01336886046125179 0.02580215245653842 -0.023028986391302717 -0.020310321619855284 -0.018399798722826533 -0.0090476258136320629 -0.023617474104496498 0.013640545187326198 0.025880086427843459 -0.016342070803542511 0.037352308446150485 0.0079977999106968633 0.0030091344019873008 -0.025300911902977969 0.048073990106668546 0.019218854906483562 -0.033382693661647353 0.020129164203931533 -0.031320291382939174 0.014897908691794371 -0.018345440256684272 0.0065781467939147152 -0.0031347191497945789 0.018075700212868469 -0.012577017898862853 -0.012239079652940748 0.025708980829962393 -0.0035196368806443379 0.0044033708933575097
leaf_weight=20.384866029024124 28.831164926290512 191.50119188427925 119.5582689344883 58.184011936187744 24.325658529996872 194.20027437806129 29.442337363958359 164.9888533949852 29.839959561824799 22.066227316856384 78.17407014966011 14.395619839429854 80.934457868337631 65.89665162563324 24.602124065160751 15.302071601152418 46.210852652788162 15.583202272653578 47.470970183610916 21.241774052381516 419.02974504232407 44.945519685745239 28.266075521707535 204.02698808908463 24.611292541027069 48.69723305106163 20.504856020212173 61.328008145093918 29.396448403596878 215.81725338101387
leaf_count=55 83 547 332 170 67 553 79 505 84 62 222 40 224 177 66 41 124 42 128 59 1124 122 78 556 66 132 55 166 80 585
internal_value=-0.000112209 -0.00625037 0.0101435 -0.0029716 -0.00186066 -0.00791003 0.0077285 -0.0156595 -0.00972761 -0.000656986 -0.00355106 0.00450238 0.000194159 0.0100612 0.00227761 0.00642745 0.0167377 -0.00395088 0.00261787 0.00112313 0.0133259 -0.00298243 -0.0152262 -0.00579248 0.00438734 -0.00228622 0.00955036 0.00583157 0.0162384 0.00189996
internal_weight=2389.76 1494.99 894.769 1108.66 1050.47 446.868 775.211 386.33 221.341 224.402 202.335 124.161 109.766 636.572 188.1 163.498 82.0178 81.4799 603.607 556.136 448.472 138.639 222.466 225.269 93.6934 73.3085 66.7157 330.867 90.7245 240.143
internal_count=6624 4209 2415 3073 2903 1262 2083 1136 631 631 569 347 307 1708 505 439 220 219 1641 1513 1203 375 631 615 253 198 179 898 246 652
is_linear=0
shrinkage=0.05


Tree=37
num_leaves=31
num_cat=0
split_feature=93 88 48 99 3 29 0 33 79 64 48 92 63 67 77 58 4 63 64 28 44 56 82 64 98 52 29 29 3 63
split_gain=8.8549 7.31558 5.9767 5.29009 5.43402 5.2822 8.11534 4.91202 4.84621 6.4064 7.58107 8.60643 6.9939 5.79063 5.33992 4.78661 8.91228 5.38581 6.08132 6.84653 7.72236 6.3893 6.1306 5.76145 5.82028 5.04078 5.73242 7.41109 5.8747 9.26417
threshold=1.221798360347748 -1.8642857074737547 1.8722297549247744 0.67261904478073131 11.031250000000002 1.4642856717109682 10.500000000000002 1.6833333373069765 2.2815814018249516 0.93827000260353099 1.9694533944129946 3.6734499931335454 0.85339999198913585 0.88291427493095409 1.15769499540329 0.69761356711387645 7.7343750000000009 1.6268575191497805 -0.46698999404907221 1.8357142806053164 0.10555555671453477 1.677650034427643 -0.3000000044703483 0.11761000007390977 0.30000000447034841 1.8435519337654116 0.57857143878936779 0.53571429848670971 4.9427082538604745 1.5019900202751162
decision_type=10 2 2 2 2 2 2 2 10 10 2 8 10 10 10 8 2 10 8 2 2 8 2 10 2 2 2 2 2 8
left_child=8 -2 3 5 -5 7 -7 -3 9 13 11 12 -11 15 -14 16 -1 18 21 25 22 -17 -21 24 -19 26 27 -20 29 -28
right_child=1 2 -4 4 -6 6 -8 -9 -10 10 -12 -13 14 -15 -16 17 -18 23 19 20 -22 -23 -24 -25 -26 -27 28 -29 -30 -31
leaf_value=0.0028743660802489201 -0.041659305450111657 0.0060731830629848424 -0.01987242636569039 -0.0028500943751948509 -0.036390745995824085 0.023323304349539314 -0.032451096840053491 0.047211645928919271 -0.023182064973713945 -0.0036391282277130014 0.044686940247551515 -0.025155716379371636 0.055080623708573799 -0.020270031800015395 0.01168720949799399 0.0075234443461186214 0.05436349390747798 0.02442159558481715 0.0070505153707329394 0.014950783774872523 0.0041694760829484164 0.039983839343990107 0.049729921022093039 -0.032611818971653835 -0.0044466550930555232 -0.025744536955038089 -0.0010557304759932658 0.049834748753121764 -0.0026434246840178256 0.024627229122640731
leaf_weight=26.427610665559769 15.769678622484205 14.975805804133417 57.526186808943748 71.972649440169334 14.510493025183676 12.848380714654924 13.24542313814163 14.076458752155302 19.045273244380951 21.524088263511658 17.765913248062134 15.1624658703804 14.699295312166216 30.033524200320244 13.695002287626265 52.429875925183296 12.323092252016066 18.585681155323982 65.293787330389023 44.269403144717216 162.65035372972488 21.325609803199768 17.751787185668945 16.987616911530495 288.26011243462563 18.430883333086967 96.57196743786335 11.978626221418379 650.35498695075512 55.171622335910797
leaf_count=88 66 55 243 266 55 50 49 49 69 74 56 53 48 104 45 178 40 64 221 149 555 70 60 61 1003 65 330 40 2233 185
internal_value=0.000682166 -0.0088773 -0.00628153 -0.000761246 -0.00847768 0.0113401 -0.00498823 0.0260057 0.00189736 0.00218308 0.0157382 0.00783566 0.0178566 0.00147628 0.0341513 0.00189527 0.0192484 0.00145289 0.00300141 0.00208757 0.00989366 0.016909 0.0249053 -0.00426731 -0.0026981 0.000134125 0.00067652 0.0136828 -0.000576481 0.0082822
internal_weight=1905.66 214.925 199.155 141.629 86.4831 55.1461 26.0938 29.0523 1690.74 1671.69 82.8468 65.0809 49.9184 1588.85 28.3943 1558.81 38.7507 1520.06 1196.23 1122.47 224.672 73.7555 62.0212 323.833 306.846 897.802 879.371 77.2724 802.099 151.744
internal_count=6624 833 767 524 321 203 99 104 5791 5722 276 220 167 5446 93 5342 128 5214 4086 3838 764 248 209 1128 1067 3074 3009 261 2748 515
is_linear=0
shrinkage=0.05


Tree=38
num_leaves=31
num_cat=0
split_feature=2 93 79 73 81 92 4 69 0 1 35 27 97 88 96 76 66 79 66 71 0 92 93 87 109 70 42 3 77 91
split_gain=63.6062 24.2176 11.746 10.4738 9.57772 9.33061 9.20596 8.16347 11.6657 11.2281 7.23419 7.18501 6.50699 7.25274 6.39679 6.32436 6.72869 10.0119 7.02227 7.43875 6.35999 6.27723 5.9101 5.84426 5.92772 5.71074 5.47804 5.43225 4.92795 10.0854
threshold=-2.4999999999999996 1.1019699573516848 1.6973738074302676 1.3307120800018313 0.89260175824165355 2.6650300025939946 14.109375000000002 1.2331799864768984 18.500000000000004 4.5000000000000009 0.11805555596947671 0.45714285969734197 1.1877631545066836 -1.5785714387893675 2.3699576854705815 2.2659949064254765 1.7445428967475893 1.3526361584663393 0.99560856819152843 0.19782999902963641 17.500000000000004 2.2218199968338017 0.42415000498294836 -1.4785714149475095 1.0000000180025095e-35 1.8777850270271303 1.3874999880790713 7.0850694179534921 1.2038350105285647 0.39583000540733343
decision_type=2 10 10 8 8 10 2 8 2 2 2 2 10 2 10 10 10 10 10 10 2 8 10 2 2 10 2 2 8 8
left_child=3 6 5 4 -1 10 7 9 15 -2 -3 -5 -4 -14 -12 16 18 -18 20 -20 -9 22 -13 -11 25 28 -15 -19 29 -25
right_child=1 2 12 11 -6 -7 -8 8 -10 23 14 21 13 26 -16 -17 17 27 19 -21 -22 -23 -24 24 -26 -27 -28 -29 -30 -31
leaf_value=-0.022201928211255252 0.026040792487520364 0.045309232046433168 0.054785074558131856 -0.024077730315452003 0.024712488378340551 -0.018940872970122601 0.018561940885531984 0.0012270448523152709 0.018516565445623714 0.03419033829640894 -0.016458509465373045 0.039068365541544858 0.043260697410245845 0.022438988335333837 0.025402637353821408 0.028161826415427568 -0.012134655285773182 0.012617459457347664 -0.0053007109005183198 -0.021987289223278729 -0.028161778041856558 -0.0069528910622593297 -0.0071309678222209148 0.041482629362712568 0.022019788793356549 0.015958889943075271 -0.010699513948545798 0.051150445289883356 -0.0098237211031002528 -0.0085695298049088039
leaf_weight=278.15737552940845 67.966791391372681 15.988895565271376 20.746327728033066 56.815492704510689 11.321822971105574 26.925373569130898 84.417354553937912 284.8682796061039 66.10501354932785 14.436722397804258 17.817720592021942 15.098862051963808 36.957026451826096 75.70498862862587 18.707900941371918 15.411204218864439 27.742244124412537 24.203763097524643 176.92771112918854 107.29049611091614 19.680919319391251 289.61970409750938 12.783448860049246 15.735458105802534 30.782739490270615 38.927968680858612 14.930449783802031 14.702476203441618 136.81801137328148 27.925942927598953
leaf_count=1072 195 46 57 205 38 85 256 894 202 42 53 49 99 206 54 45 93 75 543 355 62 1008 43 47 92 116 41 44 425 82
internal_value=-0.000504433 0.00560675 0.0205059 -0.0132251 -0.0203671 0.00499033 0.00266578 0.00141111 -0.00152354 0.00791343 0.0172604 -0.00770189 0.0288149 0.0245922 0.00498217 -0.00349834 -0.00424278 0.0108147 -0.00594729 -0.0115998 -0.000672153 -0.00477151 0.0178869 0.00325759 0.00147268 -0.00141007 0.0169801 0.0271789 -0.00515641 0.00946914
internal_weight=2045.52 1381.72 227.779 663.797 289.479 79.4399 1153.94 1069.53 736.932 332.594 52.5145 374.318 148.339 127.592 36.5256 670.827 655.416 66.6485 588.767 284.218 304.549 317.502 27.8823 264.627 250.19 219.407 90.6354 38.9062 180.479 43.6614
internal_count=6624 4209 641 2415 1110 238 3568 3312 2313 999 153 1305 403 346 107 2111 2066 212 1854 898 956 1100 92 804 762 670 247 119 554 129
is_linear=0
shrinkage=0.05


Tree=39
num_leaves=31
num_cat=0
split_feature=2 93 91 71 71 77 62 2 42 1 71 56 3 95 4 93 96 51 77 70 63 52 89 29 63 38 3 35 79 3
split_gain=58.9734 14.5771 14.5122 11.267 10.7789 9.36526 6.87229 6.68189 6.06707 5.8654 5.80755 5.33926 4.8403 5.90934 5.47137 5.35289 4.81482 4.73011 5.85186 4.66449 4.5648 5.64881 5.63557 7.94137 5.65349 5.39111 5.71953 4.94895 7.74737 4.44452
threshold=1.0000000180025095e-35 0.65810999274253856 1.2932199835777285 0.34679999947547918 -0.28745999932289118 1.8759612441062929 1.8031100034713747 -8.4999999999999982 1.4142857193946841 3.5000000000000004 0.40402999520301824 1.3903999924659731 5.1093750000000009 0.12379357218742372 6.2343750000000009 0.33723999559879309 3.2437064647674565 0.79903537034988414 1.6908600330352785 2.1924149990081792 1.0400699973106386 2.0263233184814458 -1.0642856955528257 1.178571403026581 0.86420997977256786 0.11805555596947671 7.2604167461395273 0.31666667759418493 0.98107314109802257 6.0677082538604745
decision_type=2 10 10 10 8 8 8 2 2 2 10 10 2 10 2 8 8 2 8 10 10 2 2 2 10 2 2 2 10 2
left_child=2 9 4 8 5 -1 -5 -6 -3 12 17 -10 13 -2 -14 -16 -17 18 -11 -13 22 27 -9 24 -24 -25 -27 28 -22 -19
right_child=1 3 -4 6 7 -7 -8 20 11 10 -12 19 14 -15 15 16 -18 29 -20 -21 21 -23 23 25 -26 26 -28 -29 -30 -31
leaf_value=-0.012350038327856088 0.027461493386573471 -0.021770786527157287 0.022064418901020327 0.024359405141807552 0.015368630876544317 0.014922694627896766 -0.017672257941929819 0.024048785780960393 0.019056291916589918 -0.034354018322653355 0.019713167759656459 -0.020312534968380608 -0.032081588894897949 -0.011374536409351049 0.0057126878609063073 -0.039575976128015528 -0.010344496839932917 -0.0077524393083699813 0.0029464700112634265 0.011752344340343267 -0.019651607779380881 0.032372416750798792 0.012464887538454327 -0.031329633440956753 -0.011785317532635009 0.0054174618779529197 -0.022819077650446731 0.017123935038256707 0.00694493152052567 0.0021058013908082686
leaf_weight=127.51488745212555 16.157578319311142 277.26284974813461 160.84573447704315 26.769268184900284 235.38285380601883 41.794933497905731 15.273768901824949 22.714208394289017 16.65952131152153 24.496703773736954 31.376789718866348 48.219548404216766 37.225138992071152 24.874817907810211 36.681855916976929 18.698482602834702 57.119469910860062 168.83616226911545 18.422525197267532 14.83010274171829 30.892804592847824 24.06890869140625 94.77825790643692 27.479340642690659 32.199028015136719 46.496166169643402 29.19464185833931 96.073717385530472 240.84093740582466 354.15827107429504
leaf_count=352 45 844 446 72 633 113 44 61 47 69 85 141 105 70 102 54 161 469 51 43 83 65 255 74 87 125 79 258 648 984
internal_value=0.000312742 -0.00760568 0.00807929 -0.0153923 0.00593579 -0.00561763 0.00908977 0.00815834 -0.0182758 -0.00366304 -0.00122528 -0.00611854 -0.011296 0.00391817 -0.0154655 -0.0099674 -0.0175537 -0.0023862 -0.0183433 -0.0127705 0.00552598 0.00890551 0.000288507 -0.00205649 0.0063155 -0.0123604 -0.00547363 0.00736986 0.00392123 -0.00107669
internal_weight=2397.34 1187.06 1210.28 399.015 1049.43 169.31 42.043 880.121 356.972 788.048 597.29 79.7092 190.757 41.0324 149.725 112.5 75.818 565.914 42.9192 63.0497 644.738 391.876 252.862 230.147 126.977 103.17 75.6908 367.807 271.734 522.994
internal_count=6665 3386 3279 1191 2833 465 116 2368 1075 2195 1658 231 537 115 422 317 215 1573 120 184 1735 1054 681 620 342 278 204 989 731 1453
is_linear=0
shrinkage=0.05


Tree=40
num_leaves=31
num_cat=0
split_feature=69 77 72 77 53 80 74 77 3 60 49 91 94 10 59 4 25 4 58 55 87 22 79 51 53 28 81 79 90 69
split_gain=7.53231 11.655 6.1904 6.25885 7.44641 4.94764 6.62003 5.18355 8.07836 6.28456 5.28624 4.99573 10.5275 6.98198 4.65194 9.2029 4.22512 4.21311 6.53289 5.25163 4.15295 4.84121 6.26381 4.61089 6.32705 4.42578 4.40825 4.75739 4.33712 7.83167
threshold=1.7831899523735049 1.2520850300788882 1.8831151127815249 1.1631166934967043 0.98357215523719799 0.97087940573692333 0.3726035356521607 1.0361549854278567 6.1093750000000009 0.64789500832557689 1.33155232667923 0.63236999511718761 2.8417857885360722 0.30000000447034841 0.86162930727005016 6.8961806297302255 1.3357142806053164 6.0468750000000009 2.0596427917480473 2.2369000911712651 -1.3499999642372129 1.0000000180025095e-35 1.5416276454925539 0.44694533944129949 2.2775254249572758 1.2357142567634585 0.68109261989593517 1.7115916609764101 2.3281199932098393 1.2107216119766238
decision_type=10 10 10 10 2 8 8 8 2 10 2 10 10 2 8 2 2 2 10 10 2 2 8 2 2 2 10 10 8 10
left_child=5 2 -2 4 -4 6 11 8 -7 14 -11 -1 13 -13 15 -9 -14 -3 -19 -20 25 22 28 -23 -25 -16 27 -27 -22 -30
right_child=1 17 3 -5 -6 7 -8 9 -10 10 -12 12 16 -15 20 -17 -18 18 19 -21 21 23 -24 24 -26 26 -28 -29 29 -31
leaf_value=-0.032655820932652402 -0.01270507881397558 -0.0028442522596126992 0.027801236617495863 0.045942085059630905 -0.01386712135872125 0.044812425203198315 0.019358453467058268 -0.0037849714211471209 0.0021245150399692814 -0.035631608713221963 -0.0047249850824090979 -0.0025837591893589939 -0.0099307305507360649 0.043737855574335266 -0.034099333145821212 0.052264353654290045 -0.039157205579120169 -0.030916185909013766 0.014249158621165103 -0.020221967942060312 -0.0047550893357552887 -0.023654605839900956 -0.01079519878771854 0.0047595177432633654 0.039209144406890523 -0.0035794337809441795 -0.02627326169081072 0.029576255268706511 0.033264191247468544 0.0022238710099572005
leaf_weight=23.945857509970665 26.375594764947891 44.749504759907722 21.688363388180733 13.773749634623526 21.204903155565262 18.200141102075577 19.214273571968079 15.741568341851236 28.341129705309868 18.21963731944561 57.491536036133766 22.316833928227425 32.427286267280579 12.801126122474669 13.180834114551542 13.695055484771727 19.988325223326683 67.138637855648994 18.38455756008625 27.691313430666924 88.645547911524773 13.99679960310459 128.95963747799397 923.54639247059822 13.523391634225844 73.801118478178978 17.443015664815903 12.677659064531325 27.377906113862991 78.834870845079422
leaf_count=83 93 174 74 49 76 62 66 55 98 67 213 78 122 43 45 46 73 263 72 115 300 49 446 3133 46 252 66 44 89 273
internal_value=0.000404355 -0.00786018 0.00730472 0.0166183 0.00720188 0.00159394 -0.00774708 0.00238479 0.0188178 0.00187394 -0.0121626 -0.0124189 -0.00688286 0.0143013 0.00262158 0.0222913 -0.021076 -0.0158325 -0.0209662 -0.00646778 0.00220562 0.00303333 -0.00224706 0.00483119 0.00525668 -0.00680558 -0.0033438 0.00128114 0.0034102 0.010225
internal_weight=1915.38 241.007 83.0426 56.667 42.8933 1674.37 130.694 1543.68 46.5413 1497.13 75.7112 111.479 87.5336 35.118 1421.42 29.4366 52.4156 157.964 113.215 46.0759 1391.99 1274.88 323.818 951.067 937.07 117.103 103.922 86.4788 194.858 106.213
internal_count=6665 916 292 199 150 5749 465 5284 160 5124 280 399 316 121 4844 101 195 624 450 187 4743 4336 1108 3228 3179 407 362 296 662 362
is_linear=0
shrinkage=0.05


Tree=41
num_leaves=31
num_cat=0
split_feature=2 78 2 71 64 73 78 4 40 0 5 78 92 51 3 73 80 36 57 90 16 4 50 26 64 95 91 29 60 45
split_gain=53.9815 21.0489 12.6425 11.3112 11.8804 10.0088 8.98145 7.28039 7.65931 6.73061 6.42038 6.11117 5.96129 7.06216 5.84771 5.36861 7.77224 6.01407 5.30331 5.89612 5.36122 6.43437 8.01955 4.97324 4.88388 4.80745 7.7065 6.6399 5.15819 4.88058
threshold=-2.4999999999999996 0.93422001600265514 8.5000000000000018 0.11424000188708307 -0.68983998894691456 1.3307120800018313 0.73762500286102306 3.7760416269302373 2.236111164093018 19.500000000000004 1.1822916865348818 0.16953124850988391 2.2218199968338017 0.80546623468399059 15.067708492279055 1.228157699108124 1.300508499145508 0.78888890147209179 -1.0994599461555479 1.9871999621391299 1.1000000238418581 5.1093750000000009 1.6318327784538271 1.97857141494751 -0.7953599989414214 0.57824712991714489 0.44457000494003301 2.3071428537368779 0.030425714328885082 0.38750000298023229
decision_type=2 10 2 8 10 8 8 2 2 2 2 10 8 2 2 10 10 2 8 8 2 2 2 2 10 10 10 2 10 2
left_child=5 2 3 4 24 6 -1 11 15 14 -3 -6 13 -7 -5 16 -9 -17 -4 -20 -21 22 -22 25 -2 26 28 29 -14 -27
right_child=1 10 18 9 7 12 -8 8 -10 -11 -12 -13 23 -15 -16 17 -18 -19 19 20 21 -23 -24 -25 -26 27 -28 -29 -30 -31
leaf_value=-0.021360651949925098 -0.0062962174613565222 0.019093002581934224 0.03313068660624887 -0.0088186204099177361 0.042169065250374914 -0.0084815396263875961 0.018687589270527469 0.044273899366882453 0.041301242003017907 0.023346917247995702 0.051208085906688162 0.0042300801573601941 -0.010305220096783673 0.034150152647314351 0.016637574328112151 0.0011443838548503096 -0.0024817493422735594 0.027728595606066744 -0.022053849358831736 0.033406396231442148 0.0089788021557398682 0.013600396911929722 -0.035251800052458412 -0.025846066715066469 -0.03607513204650948 -0.01430341209587534 -0.039623499564207416 -0.030132059189590027 0.015559478876994052 0.019158202540438683
leaf_weight=278.03159557282925 59.782576516270638 124.56726613640785 27.3279969394207 383.98059193789959 26.937836945056915 20.733530700206757 14.742038786411284 19.606621533632278 14.758117377758024 18.708691418170929 17.784488648176193 17.516289532184601 183.13773265480995 18.278262585401535 23.968188315629959 341.12708011269569 16.258989572525024 22.689636737108231 13.622866302728651 25.546754866838455 26.656981378793716 167.17328396439552 16.648561507463455 39.400147080421448 17.888411283493042 14.345363169908522 20.661368936300278 11.663651406764982 21.543878048658371 45.336521998047829
leaf_count=1091 195 347 75 1265 81 74 50 57 41 58 49 51 639 58 73 1025 51 65 40 74 77 479 48 139 58 49 74 45 76 161
internal_value=-0.000743378 0.0048953 0.00280513 9.80697e-05 0.00492965 -0.0124159 -0.0193441 0.00799053 0.00592792 -0.00597814 0.0231052 0.0272199 -0.00700824 0.0114928 -0.00732299 0.00462178 0.0230781 0.00280232 0.0122193 0.00993023 0.0117763 0.00915094 -0.00802539 -0.00915577 -0.0131546 -0.0069393 -0.0105206 0.00437209 -0.00758282 0.0111152
internal_weight=2050.43 1382.55 1240.2 963.223 536.566 667.874 292.774 458.895 414.44 426.657 142.352 44.4541 375.1 39.0118 407.949 399.682 35.8656 363.817 276.976 249.648 236.026 210.479 43.3055 336.089 77.671 296.689 225.343 71.3455 204.682 59.6819
internal_count=6665 4209 3813 3020 1624 2456 1141 1371 1239 1396 396 132 1315 132 1338 1198 108 1090 793 718 678 604 125 1183 253 1044 789 255 715 210
is_linear=0
shrinkage=0.05


Tree=42
num_leaves=31
num_cat=0
split_feature=2 74 80 97 62 70 66 91 63 52 70 81 99 52 70 40 47 81 26 66 52 71 4 55 62 70 29 95 48 97
split_gain=53.9503 14.404 14.4344 14.3662 9.87574 6.90359 6.36111 6.03477 5.92876 10.8187 6.28524 10.2474 8.10792 6.47411 6.64351 6.31316 7.08163 6.13163 5.81738 5.77266 5.57338 5.5576 5.27324 5.24872 5.05862 5.04972 5.68116 5.04296 7.14807 7.52916
threshold=-1.4999999999999998 0.31565406918525701 1.1821689605712893 1.1046578884124758 1.9995999932289126 1.790775001049042 1.3884778618812563 0.076179999858140959 1.3399299979209902 1.3480106592178347 1.4773200154304507 -0.69786962866783131 0.67261904478073131 0.69786790013313305 1.6016899943351748 1.4722222089767458 0.18333333730697635 -0.40986736118793482 1.1928571462631228 1.1597599983215334 1.0330674648284914 -0.29354000091552729 3.0885416269302373 1.3609899878501894 0.8115299940109254 1.3844549655914309 0.97857141494750988 0.57157999277114879 1.5320518612861636 0.097017042338848128
decision_type=2 10 8 10 8 10 10 10 8 2 8 8 2 2 10 2 2 10 2 10 2 8 2 10 10 10 2 8 2 10
left_child=3 2 7 21 6 8 19 -2 9 20 11 -10 15 -14 17 16 -12 -15 -7 -3 -4 -1 -9 -5 -25 26 -13 28 -23 -30
right_child=1 4 5 23 -6 18 -8 22 10 -11 12 25 13 14 -16 -17 -18 -19 -20 -21 -22 27 -24 24 -26 -27 -28 -29 29 -31
leaf_value=-0.0036141703137499573 0.016558794447099685 0.014144891295673588 0.0035380163047039215 0.00018132737800531662 -0.013605365736707743 0.015229958011188838 0.026710614621440726 0.0077607006435577485 0.022417094085688035 -0.0063015682891107185 0.038276016515611848 0.013047683615597053 0.022732157399715062 -0.010272995922632857 -0.032001812914235775 -0.0049005253370352532 0.0065401959222742157 0.019498070870847751 -0.017877507078121292 -0.012922642101839446 0.035936347476252815 0.022690011484948553 -0.021737153802569121 0.047554988662808537 0.021575703066863808 -0.034966784434516701 -0.019551277288750862 0.0044120038828878239 -0.017279199515949528 0.011063852820092696
leaf_weight=129.72618436813354 11.76982408761978 55.987424850463867 22.110167801380157 23.582215428352356 46.798331618309021 14.58944123983383 52.345094412565231 16.096241742372513 16.221851021051407 73.27873957157135 22.249973952770233 16.734634548425674 15.354425132274626 178.67846646904945 31.834528654813766 88.259462594985962 83.718023180961609 19.148780316114426 146.52294614911079 30.389787673950195 33.216904908418655 111.87112772464752 257.95490419864655 22.234741061925888 119.14020156860352 38.116947591304779 66.375368297100067 470.09338644146919 27.982300162315369 144.06361648440361
leaf_count=355 33 153 62 64 133 42 141 48 44 210 61 47 42 496 91 247 230 55 425 82 93 300 784 63 335 108 185 1262 75 387
internal_value=-1.74008e-05 -0.00667362 -0.00875547 0.00847352 0.00625634 -0.00554119 0.0129567 -0.018499 -0.00340802 0.00629948 -0.00557285 -0.0149041 -0.0026529 -0.00870115 -0.0108027 0.00497692 0.0132037 -0.00739129 -0.0148795 0.00462182 0.0229891 0.00594515 -0.0200046 0.0220189 0.0256616 -0.0198982 -0.0129873 0.00758981 0.0128514 0.00645401
internal_weight=2386.45 1337.75 1152.23 1048.69 185.521 866.411 138.722 285.821 705.298 128.606 576.692 137.449 439.244 245.016 229.662 194.227 105.968 197.827 161.112 86.3772 55.3271 883.737 274.051 164.957 141.375 121.227 83.11 754.01 283.917 172.046
internal_count=6653 3812 3303 2841 509 2438 376 865 1971 365 1606 384 1222 684 642 538 291 551 467 235 155 2379 832 462 398 340 232 2024 762 462
is_linear=0
shrinkage=0.05


Tree=43
num_leaves=31
num_cat=0
split_feature=69 80 31 66 66 110 27 82 81 22 25 94 90 63 80 49 65 57 60 8 55 74 89 50 44 73 97 93 67 49
split_gain=7.69118 9.47462 6.81819 5.01016 7.53746 4.62535 7.04503 7.61236 4.39897 6.49083 6.18657 5.7676 5.75557 5.34999 9.39299 6.10533 7.23864 5.97609 5.19209 6.08736 5.69587 5.40606 5.78295 5.13881 5.79985 4.97415 4.91045 5.76347 5.46842 6.54538
threshold=1.7831899523735049 1.2025344371795657 1.6833333373069765 1.053399980068207 0.80002474784851085 1.0000000180025095e-35 1.264285743236542 -1.0000000180025095e-35 -0.040825471282005303 0.5000000149011613 0.57857143878936779 1.9179335832595827 2.320219993591309 1.2628999948501589 1.0631135106086733 1.1330305337905886 1.6931442618370058 -0.54722997546195973 0.32529214024543768 1.6999999880790713 1.425530016422272 -0.24696655571460721 0.16428571939468387 1.3730336427688601 0.29285715520381933 1.6307380795478823 0.69200581312179577 0.75071999430656444 -0.9134821593761443 0.73709923028945934
decision_type=10 8 2 10 10 2 2 2 8 2 2 8 8 10 10 2 10 10 10 2 10 10 2 2 2 10 10 8 10 2
left_child=5 2 -2 4 -4 8 7 -7 9 26 23 -12 25 14 -14 16 -16 -17 20 -20 21 -19 -23 24 -10 -13 27 28 -1 -30
right_child=1 -3 3 -5 -6 6 -8 -9 10 -11 11 12 13 -15 15 17 -18 18 19 -21 -22 22 -24 -25 -26 -27 -28 -29 29 -31
leaf_value=-0.011523320556255877 -0.019411968517669513 -0.014493280788469842 0.036974441173728619 0.03818127142312041 -0.010631743918741353 0.052631891992838034 -6.7819972196686839e-05 0.012323590229977539 -0.019016988441894377 0.025491664404273681 0.037707686195023057 -0.030088532334777603 -0.00094466264931637614 -0.0066043258118765845 0.0085229216163186915 -0.020215193704030965 0.044697400337039922 0.03399968978233768 -0.026326613681332475 0.017020654529525926 0.037374006940587269 0.017777707921279869 -0.030044744577870305 -0.024918059467319034 0.023368979065065791 0.0032104943173419617 -0.0039626714910503463 0.034857082867743965 0.024119494743241786 0.0041906667589437221
leaf_weight=45.177235424518585 18.06907519698143 165.25801725685596 12.629065692424772 17.381599426269531 24.337490752339363 16.421966403722763 66.200435161590576 40.848474830389023 17.18013408780098 34.058475524187088 10.060182869434355 29.204458802938461 435.3300451785326 193.62786518037319 27.733142271637917 17.889019086956978 27.5834781229496 12.472359180450438 16.506837069988251 15.901527300477026 26.285047322511673 12.594593971967699 12.692102611064909 47.616597458720207 15.221184328198431 18.206425994634628 175.05266179144382 16.663506776094437 47.926492929458618 293.620162576437
leaf_count=153 65 658 43 61 84 52 221 136 60 113 33 100 1510 677 95 62 94 42 59 54 88 43 43 168 52 61 630 56 157 983
internal_value=0.000531313 -0.00788485 0.00719577 0.016042 0.00563219 0.00172762 0.0110409 0.0238818 0.000985067 0.00427953 -0.00117052 7.21835e-05 -0.000375344 0.000629485 0.00294468 0.0129245 0.0265612 0.0063272 0.01125 -0.00505779 0.0195023 0.00706131 -0.00622572 -0.0144658 0.00089469 -0.0173013 0.00303057 0.00606533 0.00482472 0.00698712
internal_weight=1909.75 237.675 72.4172 54.3482 36.9666 1672.07 123.471 57.2704 1548.6 612.499 936.105 856.087 846.027 798.616 604.988 169.658 55.3166 114.341 96.4525 32.4084 64.0441 37.7591 25.2867 80.0179 32.4013 47.4109 578.44 403.387 386.724 341.547
internal_count=6653 911 253 188 127 5742 409 188 5333 2092 3241 2961 2928 2767 2090 580 189 391 329 113 216 128 86 280 112 161 1979 1349 1293 1140
is_linear=0
shrinkage=0.05


Tree=44
num_leaves=31
num_cat=0
split_feature=2 93 83 73 51 4 27 81 60 78 5 59 33 48 81 77 65 55 25 73 97 87 38 25 4 50 1 32 50 78
split_gain=46.4019 21.1328 13.3982 11.1018 8.23753 7.80102 6.96768 6.92943 6.48488 10.5173 7.76967 7.34175 6.23808 6.17426 5.46968 5.41263 5.60742 5.26488 5.76426 5.25023 8.69854 5.15942 5.02476 7.90452 4.89904 4.85272 4.72863 8.50627 6.60206 6.37781
threshold=-2.4999999999999996 0.93812668323516857 -0.50000001490116108 1.3307120800018313 2.2290415763854985 14.901041507720949 0.45714285969734197 0.89260175824165355 0.26698428392410284 -0.2117899954319 1.1197916865348818 1.0501835942268374 1.5634920597076418 2.2922754287719731 -0.4401040226221084 1.3577800393104555 1.459524989128113 1.5349699854850771 1.8642857074737551 2.0059907436370854 0.27477757632732397 0.96428570151329052 0.35416667163372045 1.0785714387893679 4.1975693702697763 2.2330633401870732 4.5000000000000009 1.4722222089767458 1.0048231482505801 0.16953124850988391
decision_type=2 10 2 8 2 2 2 8 8 8 2 10 2 2 10 10 8 10 2 10 10 2 2 2 2 2 2 2 2 10
left_child=3 5 -3 7 14 8 -5 -1 9 19 25 15 -12 21 -4 22 -17 -13 -19 20 24 -8 23 -10 -2 26 -11 28 -28 -30
right_child=1 2 4 6 -6 -7 13 -9 11 10 12 17 -14 -15 -16 16 -18 18 -20 -21 -22 -23 -24 -25 -26 -27 27 -29 29 -31
leaf_value=-0.020498164985758495 0.030801306323332146 0.024842076631715587 -0.027028670665675006 -0.021912122483831672 0.03608017635317852 0.018424581914153276 -0.0041756028981935886 0.019214714194090845 -0.022536008207364806 0.012801604781274021 0.044926196494795283 -0.041776015407633926 0.0069978361716064698 -0.033987293988729163 0.0034611919520630067 -0.0035137297752945887 0.043527498513558582 -0.0008707883149795129 -0.02733360640140799 0.014455508307678997 -0.020096890567979 0.013693766564080716 0.0062290521527658717 -0.00083017242940317156 -0.0025690400314350216 0.030193000686662128 -0.020857152663730741 -0.020140581566237218 0.017916777905885559 -0.0050343190686153172
leaf_weight=270.54431273043156 13.070098280906675 184.03602609038353 17.619912549853325 56.887027755379677 16.813013017177582 63.504194796085358 258.6243504434824 11.44921177625656 58.631456792354584 112.39210525155067 25.109466880559921 16.42060324549675 19.077354162931442 15.243975237011908 89.04387079179287 11.881898522377016 13.570014268159865 54.199651569128036 33.173720955848694 28.285823136568069 84.648931115865707 47.871529415249825 109.95649379491806 147.36183071136475 69.387988477945328 19.799130231142044 20.670046180486679 41.54706859588623 83.066117763519287 47.623645156621933
leaf_count=1080 40 502 65 210 47 190 901 38 186 331 73 53 55 56 259 41 43 174 110 84 275 169 343 470 216 57 63 133 248 141
internal_value=-0.000476681 0.00473717 0.0162933 -0.0113752 0.00355185 0.00142643 -0.00578139 -0.0188858 0.000357531 0.00391518 0.00887876 -0.00415492 0.0285509 -0.0029293 -0.00157546 -0.000614558 0.0215669 -0.0158 -0.0109181 -0.0054658 -0.00883784 -0.00138459 -0.00240143 -0.00700826 0.00272036 0.00620495 0.00464929 -0.000100442 0.00540042 0.00955335
internal_weight=2041.51 1380.89 307.513 660.62 123.477 1073.38 378.627 281.994 1009.87 564.678 369.285 445.196 44.1868 321.74 106.664 341.402 25.4519 103.794 87.3734 195.393 167.107 306.496 315.95 205.993 82.4581 325.098 305.299 192.907 151.36 130.69
internal_count=6653 4199 873 2454 371 3326 1336 1118 3136 1716 1101 1420 128 1126 324 1083 84 337 284 615 531 1070 999 656 256 973 916 585 452 389
is_linear=0
shrinkage=0.05


Tree=45
num_leaves=31
num_cat=0
split_feature=2 74 93 93 69 83 1 3 77 42 50 39 2 27 2 71 27 60 89 72 79 87 35 1 70 8 33 33 62 98
split_gain=47.1287 16.4512 11.3495 10.409 9.82613 8.33377 7.08458 6.90694 6.86225 6.69094 7.09674 6.38092 6.25929 5.94761 7.15518 8.07063 5.92649 5.53488 5.4878 8.07243 5.24079 5.20785 5.12833 8.28651 4.95702 4.87489 4.5649 7.29237 7.82208 5.23133
threshold=1.0000000180025095e-35 0.0068361735902726659 0.65810999274253856 1.697999954223633 1.8475199937820437 1.0000000180025095e-35 20.500000000000004 15.067708492279055 1.7674800157546999 1.4142857193946841 1.5475837588310244 9.5000000000000018 5.5000000000000009 0.80714285373687755 -10.499999999999998 -0.0061200000345706931 0.45714285969734197 -0.50846216082572926 0.035714286379516132 1.5488612651824953 1.0706849098205569 -1.321428596973419 0.29285715520381933 8.5000000000000018 2.1924149990081792 1.3000000119209292 1.0500000119209292 1.3874999880790713 1.612340033054352 0.5000000149011613
decision_type=2 10 10 10 10 2 2 2 10 2 2 2 2 2 2 8 2 8 2 8 8 2 2 2 10 2 2 2 10 2
left_child=1 5 7 8 9 -1 13 11 -3 -4 -11 18 21 14 -7 16 -16 -18 -2 -20 -15 -13 -14 -24 -12 -9 -23 -28 29 -29
right_child=2 3 4 -5 -6 6 -8 25 -10 10 24 12 22 20 15 -17 17 -19 19 -21 -22 26 23 -25 -26 -27 27 28 -30 -31
leaf_value=-0.0053609046138433682 -0.0056767164378607295 0.0087704829902930711 -0.019104163956962877 0.036497619260703364 0.022141218984803757 0.022174126177998157 0.033733251496943471 -0.0096516956539278789 0.024012988237510052 0.017415387721082962 -0.022513335071888851 0.020638600410192678 -0.017602665970851469 -0.01017299173072257 0.013735095694363847 -0.026291718670020406 -0.03754423586590127 0.003010259963207809 -0.00037618457380479979 0.041219888920875317 0.014287802176594457 0.010100632638240799 -0.010030577017605496 0.016494902148740786 0.011985662957866973 -0.046939319148370039 -0.01558767602396172 0.012402336903140189 0.022965734770014193 -0.0081922750738392201
leaf_weight=263.81285458803177 29.277277946472168 473.82949864864349 292.81714144349098 43.636166393756866 18.112780123949051 23.398812711238861 22.294994801282883 21.703913480043411 87.471686065196991 28.115432947874069 40.068972915410995 28.67158117890358 117.63279646635056 25.643841624259949 42.920570403337479 40.153269648551941 14.552753061056135 19.942989766597748 21.767579615116119 25.128428041934967 149.89224806427956 69.017813354730606 128.98146668076515 38.152449756860733 14.068055868148802 14.703881323337553 95.190495550632477 40.6042240858078 34.263647496700287 128.16152039170265
leaf_count=717 81 1282 906 128 50 63 60 62 239 81 118 79 335 70 116 108 40 54 61 69 404 190 368 107 41 42 263 111 94 356
internal_value=0.000195956 0.00714975 -0.00688157 0.0129745 -0.0138277 0.00130248 0.00649106 -0.00343867 0.0111458 -0.0155647 -0.00296441 -0.00241538 -0.00395119 0.00457209 -0.00307637 -0.00810174 0.00133279 -0.0140985 0.0113085 0.0219124 0.0107144 0.000115201 -0.00960466 -0.00397548 -0.0135484 -0.0247109 -0.00148714 -0.00416892 0.00118477 -0.00323731
internal_weight=2393.99 1207.55 1186.44 604.937 393.182 602.612 338.799 793.257 561.301 375.07 82.2525 756.849 680.676 316.504 140.968 117.57 77.4163 34.4957 76.1733 46.896 175.536 395.909 284.767 167.134 54.137 36.4078 367.238 298.22 203.029 168.766
internal_count=6695 3281 3414 1649 1196 1632 915 2218 1521 1146 240 2114 1903 855 381 318 210 94 211 130 474 1093 810 475 159 104 1014 824 561 467
is_linear=0
shrinkage=0.05


Tree=46
num_leaves=31
num_cat=0
split_feature=93 59 99 3 91 95 22 5 24 69 33 53 74 60 80 83 70 97 84 89 80 58 59 28 64 49 59 49 66 96
split_gain=9.30683 6.12787 6.15151 4.83875 6.64104 9.74652 4.7236 6.32618 6.19467 6.82248 5.42557 7.31265 7.63339 9.81693 7.03625 6.69446 7.02796 6.41885 5.52863 7.16536 6.23616 5.66174 6.66826 7.88399 7.61739 6.01247 5.66589 5.05709 6.4877 5.65963
threshold=1.4374814033508303 1.9765564203262331 0.60952383279800426 2.9322916269302373 0.85078001022338878 0.38354499638080602 1.0000000180025095e-35 2.2135416269302373 2.1000000238418584 1.5929049849510195 2.0499999523162846 2.2775254249572758 -0.0044472669251263133 0.17241142690181735 0.82620427012443554 0.5000000149011613 1.8316400051116946 0.1934427693486214 -0.3000000044703483 -0.70714285969734181 1.4651667475700381 0.69761356711387645 1.461324989795685 0.60714286565780651 0.48244999349117285 0.82664480805397045 1.7319886088371279 1.4548434019088747 1.9900000095367434 2.9672422409057622
decision_type=10 10 2 2 8 10 2 2 2 8 2 2 10 10 8 2 10 8 2 2 8 8 8 2 10 2 8 2 10 8
left_child=3 -2 -3 4 5 -1 7 8 -5 -10 11 12 13 14 -8 18 -17 -12 19 20 -16 -20 -23 -24 25 -25 -26 -14 29 -29
right_child=1 2 -4 6 -6 -7 10 -9 9 -11 17 -13 27 -15 15 16 -18 -19 21 -21 -22 22 23 24 26 -27 -28 28 -30 -31
leaf_value=0.0023042749429534807 -0.018928510879050921 0.034576123117444936 -0.01078706304890485 -0.0031749628736466758 -0.0063222290502769358 0.059820164294569524 0.042831483343491121 0.025057548017432842 0.0047495522325431971 -0.036473670262756212 0.023970424036611516 0.037541103333539737 -0.0088247931459264021 0.041321303463790246 -0.029668368462719988 -0.0090631969383287783 0.030558594537991514 -0.015118696767578953 0.0326996290075603 0.02496418153507917 0.010387453415811307 -0.010266490940178731 0.043454222081575872 -0.012494597163948122 0.042058787803518329 0.00491543997253217 0.0060196509789421744 0.015050930929623885 -0.034509166607333358 -0.0011099257749478373
leaf_weight=14.494477272033693 98.410670518875122 11.994740620255472 19.825892418622971 328.50535635650158 19.092135593295097 14.976192831993101 11.884262174367903 17.658931002020836 14.976239591836928 30.431961879134178 12.146260067820547 15.049092695116995 189.90152283012867 18.719400078058243 12.371010422706602 130.65890794992447 12.24028694629669 77.596594601869583 16.292586892843246 79.189774215221405 45.290178894996643 81.146586269140244 13.246008485555647 62.320488750934601 21.400385782122612 242.76027145981789 22.239118576049805 74.263637080788612 11.860032066702841 200.2744107991457
leaf_count=49 415 43 75 1133 66 49 41 61 52 118 41 52 670 62 42 443 40 267 53 263 153 274 43 208 71 811 76 263 46 715
internal_value=0.000144256 -0.0127611 0.00631252 0.00108267 0.01665 0.0315323 0.000648794 -0.00418655 -0.00556767 -0.0228777 0.00205042 0.00289572 0.0024773 0.00555568 0.00466423 0.00405057 -0.00566932 -0.00982817 0.00638005 0.0152014 0.00179361 0.00375228 0.00268793 0.00559208 0.0041539 0.001359 0.0236929 -0.00249774 0.00169752 0.00326165
internal_weight=1921.22 130.231 31.8206 1790.99 48.5628 29.4707 1742.42 391.572 373.914 45.4082 1350.85 1261.11 1246.06 769.759 751.04 739.156 142.899 89.7429 596.256 136.851 57.6612 459.405 443.113 361.966 348.72 305.081 43.6395 476.3 286.398 274.538
internal_count=6695 533 118 6162 164 98 5998 1364 1303 170 4634 4326 4274 2580 2518 2477 483 308 1994 458 195 1536 1483 1209 1166 1019 147 1694 1024 978
is_linear=0
shrinkage=0.05


Tree=47
num_leaves=31
num_cat=0
split_feature=2 78 73 71 3 28 58 81 1 50 88 66 88 58 62 71 63 57 79 69 27 92 40 88 80 88 1 66 28 29
split_gain=44.9732 16.3908 10.3175 10.1352 9.2673 8.66026 7.19415 6.50118 6.20254 9.59192 6.19332 6.0282 8.27445 7.67305 10.5357 5.97566 6.89633 5.91777 5.64612 5.05623 4.90614 6.36411 6.18562 5.38235 4.88222 4.59047 4.57893 5.01346 6.09117 6.06582
threshold=-2.4999999999999996 1.0506700277328493 1.2538170814514162 -0.48908500373363489 15.067708492279055 1.3785714507102969 0.97180640697479259 0.89260175824165355 11.500000000000002 2.0916398763656621 0.16428571939468387 0.99560856819152843 -0.29285715520381922 1.0166678428649905 1.3756000399589541 0.34679999947547918 0.86420997977256786 -0.60783001780509938 1.5416276454925539 1.0116149783134463 0.45714285969734197 2.1914625167846684 0.52777779102325451 0.27857144176959997 1.7971460819244387 -0.078571431338787065 16.500000000000004 1.207504987716675 1.1642857193946841 1.2500000000000002
decision_type=2 10 8 8 2 2 10 8 2 2 2 8 2 10 10 10 10 10 10 10 2 8 2 2 10 2 2 8 2 2
left_child=2 3 7 5 10 6 19 -1 9 -8 11 -5 13 14 -13 -3 -17 -10 25 -2 -4 23 -23 -22 -24 -6 27 -14 29 -29
right_child=1 15 20 4 18 -7 8 -9 17 -11 -12 12 26 -15 -16 16 -18 -19 -20 -21 21 22 24 -25 -26 -27 -28 28 -30 -31
leaf_value=-0.021460519167204692 -0.0016380394154002038 0.029030191284406027 -0.019298289338726932 0.013463289385094399 -0.011886768821017335 0.019755853330411546 -0.010497564624710081 0.020320658090532583 0.012142086427514229 0.033864325489843382 -0.0071496897332266789 -0.0021975743595177692 -0.012760324193962377 -0.012027538121197778 0.032642364280276316 -0.020662328870844463 0.026863818036201744 0.055794209196252026 0.045540466443727667 -0.03364848563251828 -0.0014988561607436899 0.029711105620112446 -0.0053717412490912712 0.040880164336368922 -0.024807643573603651 0.026073092530782667 0.035251768860470607 0.012704414903637036 0.017925681246483558 -0.01879435334348957
leaf_weight=220.53339615464211 65.481359302997589 88.527110308408737 64.09877721965313 97.076861947774887 14.074228793382643 145.96986010670662 39.710663646459579 9.7208540439605695 18.307218372821811 17.579029500484467 260.71956203877926 156.86572453379631 29.64829957485199 175.61016285419464 25.182960987091064 15.089213371276857 15.446785330772398 13.481478482484816 16.475087195634842 15.199780404567717 16.566798552870754 11.511458128690718 282.23547291755676 13.677997738122938 36.488012000918388 18.345788598060608 14.49349534511566 31.711521506309509 90.900890350341797 29.504745960235596
leaf_count=903 194 239 242 283 42 410 117 32 55 50 849 487 92 544 72 44 45 40 47 46 55 42 1001 45 135 56 47 99 287 95
internal_value=-0.000363989 0.00470896 -0.0111741 0.00305385 0.000499465 0.0108256 0.00314682 -0.0196966 0.0129427 0.00311464 -0.000637839 0.00197012 -4.41169e-05 -0.00457098 0.00262187 0.0224515 0.00337901 0.0306548 0.021706 -0.00766859 -0.00655221 -0.00428577 -0.0062963 0.0176668 -0.0075968 0.0095939 0.00820555 0.00604896 0.00971497 -0.00247722
internal_weight=2050.23 1395.4 654.833 1276.34 960.609 315.729 169.76 230.254 89.0784 57.2897 911.714 650.995 553.918 357.659 182.049 119.063 30.536 31.7887 48.8951 80.6811 424.579 360.48 330.235 30.2448 318.723 32.42 196.259 181.765 152.117 61.2163
internal_count=6695 4240 2455 3912 3000 912 502 935 262 167 2855 2006 1723 1103 559 328 89 95 145 240 1520 1278 1178 100 1136 98 620 573 481 194
is_linear=0
shrinkage=0.05


Tree=48
num_leaves=31
num_cat=0
split_feature=2 93 93 71 2 93 44 57 0 21 48 71 26 89 30 7 69 24 33 29 27 65 2 3 88 88 88 59 42 63
split_gain=48.8721 13.3725 10.479 7.38473 7.13324 7.30021 7.01704 6.60403 6.20708 7.92077 7.08968 6.59821 5.79662 5.61844 5.38449 5.28173 5.11838 9.06248 6.54913 4.98959 5.85064 5.44878 7.03061 6.67877 6.16496 5.02789 5.08046 4.9974 4.94486 4.85213
threshold=1.0000000180025095e-35 0.68116500973701488 0.64575874805450451 0.48876000940799719 -11.499999999999998 1.8043450117111208 0.41428571939468389 1.4036899805068972 7.5000000000000009 0.70000001788139354 1.4287199974060061 -0.42120499908924097 1.8642857074737551 -0.42142857611179346 9.5000000000000018 1.6999999880790713 1.4089999794960024 1.178571403026581 1.236111104488373 0.80714285373687755 1.2500000000000002 1.1351414322853091 5.5000000000000009 6.999652862548829 -1.52142858505249 -1.1500000357627866 -0.89285713434219349 1.4402257204055788 1.4142857193946841 1.3532000184059145
decision_type=2 10 10 10 2 10 2 10 2 2 2 8 2 2 2 2 10 2 2 2 2 10 2 2 2 2 2 8 2 8
left_child=1 8 14 28 -3 6 7 16 11 12 13 -1 -10 -11 -2 -8 17 -6 -19 -16 29 22 23 -22 -23 -26 -27 -28 -4 -21
right_child=2 4 3 -5 5 -7 15 -9 9 10 -12 -13 -14 -15 19 -17 -18 18 -20 20 21 24 -24 -25 25 26 27 -29 -30 -31
leaf_value=-0.019459792209585262 0.0084559639630042999 0.027408918811647143 -0.019135836012522816 0.010084672347446064 0.021468864108657604 0.038599101929930928 -0.035424908401315437 -0.015487180852345395 -0.0087056872136016972 0.040504559830739112 -0.014562703779387724 0.0083181747095036115 0.0094213433203571492 0.0033115298604025861 -0.012751723267704573 0.0064732829745135084 0.019074620907450494 0.0080980601472010107 -0.030042845791181584 0.0054259887516631428 0.038011837412121129 0.026144522931564291 -0.0023461922464695379 0.0059098166262622105 -0.028233827781165555 0.021171398771573563 0.0012240780586511401 -0.019166925049169153 -0.0051471825472003381 -0.013157944460848149
leaf_weight=22.469007283449173 77.142693430185318 83.107814937829971 283.64240711927414 29.263928830623627 38.967767030000687 22.190292447805405 14.718662530183794 20.919264316558838 233.02146220207214 25.276320517063141 14.886937648057936 440.23825246095657 54.397821247577667 16.971673786640167 175.9702784717083 15.383467942476271 158.70107331871986 21.948235362768173 23.10083544254303 44.134863168001175 30.117283672094345 15.247117280960081 66.723967760801315 35.067010134458542 24.02142208814621 18.194134891033173 73.449185103178024 50.849523037672043 81.277052015066147 172.02271783351898
leaf_count=62 214 235 887 81 106 66 40 58 632 68 40 1183 148 46 499 42 436 60 63 124 82 43 188 96 68 51 204 143 238 481
internal_value=-0.000185548 0.00688713 -0.00743352 -0.0140822 0.0143748 0.0109461 0.00885708 0.0114684 0.00318588 -0.0018949 0.0151083 0.00696928 -0.00527491 0.0255635 -0.00408615 -0.0140132 0.0137916 0.00381253 -0.0114603 -0.00545698 -0.00303419 0.00132748 0.00906316 0.020742 -0.00428647 -0.00707292 -0.00350562 -0.0071177 -0.0160202 -0.00936349
internal_weight=2383.42 1206.3 1177.12 394.183 399.037 315.93 293.739 263.637 807.261 344.554 57.1349 462.707 287.419 42.248 782.94 30.1021 242.718 84.0168 45.0491 705.798 529.827 313.67 131.908 65.1843 181.761 166.514 142.493 124.299 364.919 216.158
internal_count=6684 3285 3399 1206 1106 871 805 723 2179 934 154 1245 780 114 2193 82 665 229 123 1979 1480 875 366 178 509 466 398 347 1125 605
is_linear=0
shrinkage=0.05


Tree=49
num_leaves=31
num_cat=0
split_feature=93 17 52 26 26 28 28 34 97 95 94 56 110 97 97 69 38 49 63 22 48 89 93 93 35 38 109 89 49 49
split_gain=9.03664 5.92758 7.01759 5.64488 6.39901 7.74122 6.2474 8.72446 5.97493 6.77966 7.82348 5.83029 6.31592 5.70437 6.66338 7.90458 9.61499 7.87903 5.36616 6.20944 4.95148 6.13268 4.86906 4.7024 6.95224 6.01287 4.61465 5.54953 4.57278 4.82223
threshold=1.1229099631309511 2.1000000238418584 1.8361558914184573 1.1928571462631228 1.0500000119209292 2.0642857551574711 0.99285712838172924 1.0000000180025095e-35 0.10024244338274003 0.18907000124454501 2.5531021356582646 1.6825199723243716 1.0000000180025095e-35 0.28641866147518164 0.53016588091850292 1.3977000117301943 0.43650794029235845 1.2637476921081545 1.0083200335502627 0.30000000447034841 1.8722297549247744 -1.0071428418159483 1.5591750144958498 0.73562002182006847 0.18333333730697635 0.29285715520381933 1.0000000180025095e-35 -0.76428571343421925 2.5482314825057988 1.7616417407989504
decision_type=10 2 2 2 2 2 2 2 8 8 10 10 2 8 8 10 2 2 8 2 2 2 10 10 2 2 2 2 2 2
left_child=3 2 20 4 11 18 7 -5 -9 10 -10 12 26 -11 17 16 23 -15 -6 -20 21 -2 -4 24 -16 -26 28 -28 29 -1
right_child=1 -3 22 6 5 -7 -8 8 9 13 -12 -13 -14 14 15 -17 -18 -19 19 -21 -22 -23 -24 -25 25 -27 27 -29 -30 -31
leaf_value=-0.0021517056757367741 0.026897593173378212 -0.02183457288443201 0.001296260462977213 -0.026507108265742197 0.012455232480062139 0.017040107917509754 0.0013455895563349845 -0.010417922765955552 0.017509220668228315 -0.0087422081765590239 0.067130781228641787 0.023978971251754362 0.016787165027306861 0.012647645791754215 0.046292387122277824 -0.015429424136945228 -0.013909364179483855 0.058245061376980989 -0.0095730857984139793 -0.032897451800905857 -0.020216558750899706 -0.0066162951869756436 0.044420289381093304 0.044105459271321056 0.025526004198467456 -0.005628775385594401 -0.012219623890343556 0.029274395223710326 0.024818535623923957 -0.016120825586098165
leaf_weight=321.81294520199299 15.777908369898794 62.985391199588776 15.45524410903454 15.430357486009596 15.369620993733404 21.398296132683754 684.68790510296822 26.56844873726368 22.542958408594131 30.712004423141479 12.264970391988752 25.51649297773838 47.590749770402908 21.127955973148346 15.637793183326719 25.832366809248924 23.133749693632126 17.175744026899338 71.030979573726654 47.694549888372421 55.628951743245125 101.22509525716305 11.354285597801207 19.225832849740982 29.190672934055328 32.99027806520462 12.328616589307783 23.261885121464729 13.440891146659849 76.458440899848938
leaf_count=1109 62 254 57 52 52 73 2334 89 74 103 40 85 159 70 52 93 77 57 246 164 250 372 43 63 97 109 44 79 46 279
internal_value=0.000156421 -0.00846269 -0.00423973 0.00152525 -0.0019874 -0.0108876 0.00395655 0.0100823 0.0121249 0.0145222 0.0349939 0.000671899 -0.000529804 0.0112083 0.0145326 0.00966331 0.015057 0.033094 -0.0153442 -0.018943 -0.0079358 -0.00209693 0.01956 0.0219621 0.0164914 0.00899675 -0.00237224 0.0149008 -0.00386541 -0.00483344
internal_weight=1914.85 262.427 199.441 1652.42 675.903 155.493 976.521 291.833 276.403 249.834 34.8079 520.41 494.894 215.026 184.314 146.011 120.178 38.3037 134.095 118.726 172.632 117.003 26.8095 97.0446 77.8187 62.181 447.303 35.5905 411.712 398.271
internal_count=6684 1038 784 5646 2336 535 3310 976 924 835 114 1801 1716 721 618 491 398 127 462 410 684 434 100 321 258 206 1557 123 1434 1388
is_linear=0
shrinkage=0.05


Tree=50
num_leaves=31
num_cat=0
split_feature=2 79 97 73 66 99 70 81 13 50 52 51 24 88 97 0 10 51 29 73 74 21 49 8 77 35 80 77 41 2
split_gain=50.7998 17.8263 10.9194 9.06113 8.42632 7.02987 9.32654 6.61978 6.46738 6.40117 6.74972 7.35302 11.0729 6.40009 6.36639 7.93458 7.28059 5.9949 6.27822 5.87827 6.31726 5.82924 6.09895 6.6201 6.45658 8.01682 7.60869 6.02512 5.83131 5.77861
threshold=-2.4999999999999996 1.3331488370895388 0.77585896849632274 1.3515408635139468 1.6017935872077944 0.67261904478073131 1.9304100275039675 0.96646466851234447 0.5000000149011613 1.0427123904228213 0.7636656165122987 1.1672312021255495 1.0071428418159487 0.16428571939468387 0.26493938267230993 8.5000000000000018 1.0000000180025095e-35 1.4606727361679079 1.4357143044471743 1.3878109455108645 -0.17672331631183621 0.70000001788139354 1.4375107288360598 1.5000000000000002 1.3523699641227724 0.15476191043853763 1.4854729771614077 1.604469954967499 1.3874999880790713 12.500000000000002
decision_type=2 10 8 8 10 2 10 8 2 2 2 2 2 2 10 2 2 2 2 10 10 2 2 2 10 2 10 10 2 2
left_child=3 5 4 7 19 6 14 -1 29 -7 -11 12 -12 -14 15 -2 -17 -13 -19 20 -3 22 23 -5 28 -26 -27 -28 -24 -4
right_child=1 2 8 21 -6 9 -8 -9 -10 10 11 17 13 -15 -16 16 -18 18 -20 -21 -22 -23 24 -25 25 26 27 -29 -30 -31
leaf_value=-0.019488268323062441 0.015687204963135481 0.03586303218681243 0.012339794634349914 -0.00011153466888326908 0.01825260473449257 -0.0084532003371048346 0.023741688564129341 0.023567570100885948 0.043132825375318901 -0.010964628104050023 0.0088194053065335145 -0.0074971798724066457 0.074340953756882974 0.026233221388117858 -0.022372349822297109 0.011925874454444192 -0.017552227182427296 0.0070390794801666687 0.04250245573004946 -0.0078331168027189549 0.0036495702978400083 -0.02283268426405247 -0.028815872266186916 0.035017478462226456 -0.027812046123824947 0.046610654166697255 -0.030699725582045752 0.012349754157569667 -0.001441073590123233 0.02979354945662548
leaf_weight=278.35572375357151 37.262307912111282 16.734415888786316 260.74089404940605 141.93746538460255 93.271795868873596 87.433031186461449 22.301423102617264 9.2230889499187452 22.706709504127502 45.715703561902046 51.09948955476284 67.336304724216461 12.616828918457033 15.293828278779982 72.509455472230911 27.203698188066483 91.063052654266357 112.8778413683176 14.031385958194731 114.9624799489975 168.09286040067673 46.027218773961067 58.746768042445183 14.810798138380049 18.389733552932739 11.439844146370886 11.232964798808096 29.401632726192474 29.085300028324127 57.965127736330032
leaf_count=1142 120 48 730 487 280 282 65 30 64 146 160 210 40 48 240 85 288 342 43 352 526 174 213 50 67 40 41 110 104 157
internal_value=6.99634e-05 0.00545772 0.0108097 -0.0114856 0.00512783 -0.000527687 -0.00711881 -0.0181074 0.0173511 0.00353236 0.00681772 0.00979271 0.022653 0.04798 -0.0101369 -0.00443255 -0.0107717 0.00456171 0.01096 0.0010444 0.0065662 -0.00621166 -0.00378337 0.00320773 -0.0107061 0.000567899 0.0105901 0.000449223 -0.0197508 0.0155142
internal_weight=2039.87 1391.22 734.474 648.651 393.062 656.744 250.34 287.579 341.413 406.404 318.971 273.256 79.0101 27.9107 228.039 155.529 118.267 194.246 126.909 299.79 184.827 361.072 315.045 156.748 158.296 70.4642 52.0744 40.6346 87.8321 318.706
internal_count=6684 4226 2157 2458 1206 2069 798 1172 951 1271 989 843 248 88 733 493 373 595 385 926 574 1286 1112 537 575 258 191 151 317 887
is_linear=0
shrinkage=0.05


Tree=51
num_leaves=31
num_cat=0
split_feature=2 93 81 57 77 60 51 25 39 65 29 33 79 59 2 70 76 0 26 48 76 87 88 43 55 57 55 48 81 98
split_gain=42.8821 13.0752 12.2348 9.47361 8.18815 8.8066 7.26331 5.93552 5.95125 6.51291 5.64326 6.77713 5.81181 5.77097 5.44394 8.53426 6.42257 8.56103 6.20603 5.91325 5.77434 5.35402 5.64096 5.26845 5.16017 5.12515 7.98462 7.91437 6.55098 6.33119
threshold=1.0000000180025095e-35 1.697999954223633 1.1764631867408755 0.64764001965522777 1.7151874899864199 -0.48608428239822382 2.1270096302032475 2.178571462631226 9.5000000000000018 1.3028921484947207 0.56428572535514843 1.118055582046509 1.4426304101943972 1.3345986008644106 -8.4999999999999982 1.4995250105857851 1.0531142950057986 2.5000000000000004 1.8785714507102969 1.8784084916114809 1.5086050033569338 -0.2642857283353805 -0.82142856717109669 0.35416667163372045 2.0591299533843999 0.51859998703002941 1.7131299972534182 2.2922754287719731 0.76554211974143993 1.1000000238418581
decision_type=2 10 10 10 10 8 2 2 2 8 2 2 10 10 2 10 10 2 2 2 10 2 2 2 10 10 10 2 10 2
left_child=1 4 3 6 5 -1 7 8 9 23 -10 12 -12 -14 15 20 17 -16 25 -19 -7 22 -11 -2 -6 28 -27 -28 29 -18
right_child=2 -3 -4 -5 24 14 -8 -9 10 21 11 -13 13 -15 16 -17 18 19 -20 -21 -22 -23 -24 -25 -26 26 27 -29 -30 -31
leaf_value=-0.010471008028473641 0.007472404286182014 0.032473378972178731 -0.027124080748859931 0.013067003301830202 0.016237641084105147 0.017787909821200657 -0.017818722212961911 0.019885297909428841 -0.022335468728125696 -0.00046914306752782127 0.013473889813687474 -0.0080957163486158803 -0.025161592789052209 0.014644889911371065 0.019977341043152148 -0.021220209649064996 -0.00081606999308249351 -0.0044392403360658675 0.025547692995412975 -0.032284138336792417 -0.010900012819015847 -0.0061640059979700783 0.039024919560290722 -0.035278589067787823 -0.014457025851978786 0.035794126130986752 0.014778113893917153 -0.014474782736890637 -0.031216225721592772 0.032602986589526484
leaf_weight=101.48574343323708 14.993177294731142 46.672858268022537 70.514391630887985 63.757630527019501 204.20471009612083 178.03342428803444 130.49287784099579 22.982105821371078 57.34936448931694 13.486231356859205 73.813245594501495 621.88678851723671 24.529895097017288 14.479559749364851 33.519502222537994 17.763721853494644 159.14769694209099 191.79062807559967 39.863462597131729 21.171410977840424 19.457621395587921 18.907645612955093 27.431712359189987 13.876411676406859 14.676446527242659 28.0885369181633 76.273366242647171 33.179855585098267 16.052798092365265 15.557605266571043
leaf_count=281 42 141 229 174 556 483 399 64 167 40 205 1786 71 42 90 48 430 517 108 57 53 53 76 40 41 76 207 91 44 42
internal_value=-0.000121603 0.00653007 -0.00693516 -0.00563859 0.0054774 0.00343235 -0.00679175 -0.00519953 -0.00585409 0.0064281 -0.00722945 -0.00605032 0.00522405 -0.0103862 0.00513255 0.0119756 0.00273604 -0.00351051 0.00691804 -0.00720741 0.0149615 0.0158402 0.026008 -0.0130762 0.0141795 0.00465596 0.0120132 0.00591034 -0.000648775 0.00215992
internal_weight=2365.44 1196.94 1168.5 1097.99 1150.27 931.385 1034.23 903.736 880.754 88.6952 792.059 734.709 112.823 39.0095 829.9 215.255 614.645 246.482 368.163 212.962 197.491 59.8256 40.9179 28.8696 218.881 328.3 137.542 109.453 190.758 174.705
internal_count=6653 3265 3388 3159 3124 2527 2985 2586 2522 251 2271 2104 318 113 2246 584 1662 664 998 574 536 169 116 82 597 890 374 298 516 472
is_linear=0
shrinkage=0.05


Tree=52
num_leaves=31
num_cat=0
split_feature=93 26 79 64 48 81 51 63 90 39 44 83 99 42 74 52 82 60 59 29 66 74 60 41 60 59 3 16 19 70
split_gain=7.5894 4.55087 4.02162 4.84616 9.22628 7.64098 6.72356 6.25659 4.63971 4.50953 5.10541 11.9496 5.66178 8.30158 5.6618 5.39629 9.68054 6.27305 5.89821 6.42042 5.96077 5.51583 8.40754 5.82719 7.49385 5.81589 6.16036 5.62567 8.05158 5.55359
threshold=1.4520050287246706 1.2071428894996645 2.2815814018249516 0.93827000260353099 1.9694533944129946 0.82525947690010082 2.0209003686904912 0.77617001533508312 3.3706200122833256 6.5000000000000009 1.0000000180025095e-35 0.5000000149011613 0.5634920895099641 1.5857142806053164 -0.12047698721289633 0.74767497181892406 -1.0000000180025095e-35 0.25346644222736364 1.6700171232223513 1.8642857074737551 1.7003135681152346 0.3309070765972138 0.40495499968528753 1.2678571343421938 0.53384712338447582 0.98302784562110912 6.2760417461395273 1.1000000238418581 0.5000000149011613 0.97768500447273265
decision_type=10 2 10 10 2 10 2 10 10 2 2 2 2 2 8 2 2 10 8 2 10 10 10 2 8 10 2 2 2 10
left_child=2 -2 3 5 6 9 7 -5 -8 -1 11 12 -11 14 -14 16 -12 18 20 -20 -18 22 -17 -24 -25 26 29 -28 -29 -23
right_child=1 -3 -4 4 -6 -7 8 -9 -10 10 15 -13 13 -15 -16 21 17 -19 19 -21 -22 25 23 24 -26 -27 27 28 -30 -31
leaf_value=-0.011744762445192077 -0.023212278510357967 -0.003418499602234146 -0.018569719261397177 -0.01196189318927398 0.043647837217651975 -0.026252068414133189 0.014941756168023299 0.030802891368352209 -0.023605285929795411 -0.0018860994584006343 0.036945476953394757 -0.019965863710993691 -0.0075777875384555179 0.063926443034464556 0.037920094536629763 0.0012479046599491918 -0.025683895546169691 0.029740965546323397 0.022353041763616542 -0.020090379500085805 0.012916200062259471 0.0026222239927629755 0.0017211965470184673 0.063483405669933671 0.0094518377542867123 -0.012422637158647148 0.019950138925454053 -0.034782478138651617 0.010940682602072357 0.045144012646580634
leaf_weight=59.476635590195656 47.818161055445671 73.940997794270515 24.116037428379059 11.950397253036497 19.447655379772186 24.692297741770744 11.628140509128569 30.082068264484406 23.751580163836479 13.687095761299132 28.5404112637043 18.555529594421387 11.885768502950667 15.804108023643492 16.099678784608844 1085.2289663255215 32.111942410469055 20.05238077044487 34.754154205322266 11.981978207826613 14.525620758533476 17.039178431034092 17.980711564421654 14.037502735853193 11.821453005075456 146.02875143289566 15.035691767930983 23.382847353816032 16.368124052882195 13.977971851825712
leaf_count=206 215 298 91 41 61 89 41 98 85 47 93 68 41 52 55 3667 109 71 115 42 50 62 62 46 41 549 58 89 60 51
internal_value=0.000885707 -0.0111921 0.00171 0.00198789 0.0128598 0.0013547 0.00512513 0.0186443 -0.0109362 0.00177076 0.00227989 0.0149205 0.0261831 0.0349566 0.0185966 0.00164038 0.0109167 0.00436735 -0.00108173 0.0114716 -0.0136616 0.000672689 0.0021151 0.0235821 0.0387828 -0.00635213 0.00397921 -0.00610132 -0.0159552 0.0217848
internal_weight=1905.8 121.759 1784.04 1759.93 96.8598 1663.07 77.4122 42.0325 35.3797 1638.38 1578.9 76.0322 57.4767 43.7896 27.9854 1502.87 141.966 113.426 93.3737 46.7361 46.6376 1360.9 1129.07 43.8397 25.859 231.833 85.8038 54.7867 39.751 31.0172
internal_count=6653 513 6140 6049 326 5723 265 139 126 5634 5428 263 195 148 96 5165 480 387 316 157 159 4685 3816 149 87 869 320 207 149 113
is_linear=0
shrinkage=0.05


Tree=53
num_leaves=31
num_cat=0
split_feature=2 93 73 77 28 55 97 87 3 2 63 89 28 64 91 91 24 1 55 118 82 43 78 70 59 59 28 29 59 1
split_gain=42.8694 18.3713 9.07536 9.62001 8.76112 7.24851 7.07431 6.97959 6.52653 5.83867 6.67679 5.49303 5.33356 7.08094 5.23908 7.42854 5.33632 5.05585 7.05144 6.86251 6.22668 5.56978 9.0917 7.84949 6.26736 5.59986 5.5741 5.54827 5.42465 5.21411
threshold=-1.4999999999999998 1.1019699573516848 0.81435570120811474 1.7295299768447878 1.8071428537368777 0.783930003643036 1.1147011518478396 -2.0500000715255733 8.9843750000000018 -10.499999999999998 1.6236699819564822 1.1214285492897036 1.5357143282890322 -0.78243002295494068 2.3637300729751591 1.6622400283813479 0.86428570747375499 4.5000000000000009 1.7062300443649294 1.0000000180025095e-35 -0.50000001490116108 0.21111111342906955 -0.16042999923229215 1.9107300043106081 1.3505571484565737 1.8413856625556948 0.59285715222358715 0.63571429252624523 1.7092221379280093 15.500000000000002
decision_type=2 10 8 10 2 10 10 2 2 2 10 2 2 10 10 10 2 2 10 2 2 2 10 10 10 10 2 2 10 2
left_child=2 7 -1 9 5 -3 -7 -2 14 -4 11 -11 13 -12 15 -6 -17 18 19 -9 -20 22 23 25 -24 29 -23 -28 -26 -19
right_child=1 4 3 -5 8 6 -8 17 -10 10 12 -13 -14 -15 -16 16 -18 21 20 -21 -22 26 24 -25 28 -27 27 -29 -30 -31
leaf_value=-0.036484592236248739 0.031787423779933377 0.037033115992344733 -0.017335854265267223 -0.020795854671474844 0.02738324323600427 0.029973559004642415 -0.0059698965231695439 0.011652410448424957 0.050183170026284897 -0.0051153974597697542 -0.0099119360719264887 -0.033583305712080666 -0.016542600111916512 0.02930400616866018 0.047095491581900455 0.017232313341310583 -0.025172677723219281 -0.01056037788399918 0.0090292591424727588 -0.021190768842220931 -0.021403097106438656 0.020629266199882541 -0.0012523299607733393 0.028332113556613827 0.061147488182547408 -0.036766264297709267 0.012761480298980946 -0.0062366963527948063 0.017581343040474626 0.016777797099162245
leaf_weight=31.32673367857933 19.460983574390411 16.8947574198246 97.577175825834274 139.39614585042 52.222642689943314 17.100771933794022 68.62317031621933 273.77542740106583 24.172959268093109 398.57795715332031 16.433036118745804 17.69733852148056 14.496917217969893 38.42915116250515 16.26964345574379 14.856204777956011 14.820029288530348 51.410263359546661 29.849905163049698 16.885942280292511 38.471472501754761 22.881619602441788 13.214690536260603 19.878977984189987 14.984600991010668 12.975308209657667 42.0149315148592 450.4328001588583 13.657613724470137 26.396679252386093
leaf_count=138 54 46 382 561 141 48 197 806 66 1435 63 63 54 139 44 40 40 166 90 51 123 71 40 58 44 41 128 1399 40 85
internal_value=-0.000691462 0.00491078 -0.0101377 -0.00899553 0.0178736 0.00709971 0.00120034 0.0021237 0.0269105 -0.00617508 -0.00393257 -0.00632567 0.0104302 0.0175575 0.0211799 0.0160316 -0.00394434 0.00156149 0.00634691 0.00974439 -0.00810707 -0.00101077 0.00738251 -0.000125372 0.0272318 -0.00635683 -0.00349487 -0.0046158 0.0403736 -0.00128567
internal_weight=2025.19 1271.25 753.934 722.608 224.96 102.619 85.7239 1046.29 122.341 583.212 485.634 416.275 69.3591 54.8622 98.1685 81.8989 29.6762 1026.83 358.983 290.661 68.3214 667.847 152.518 110.661 41.8569 90.7823 515.329 492.448 28.6422 77.8069
internal_count=6653 3818 2835 2697 622 291 245 3196 331 2136 1754 1498 256 202 265 221 80 3142 1070 857 213 2072 474 350 124 292 1598 1527 84 251
is_linear=0
shrinkage=0.05


Tree=54
num_leaves=31
num_cat=0
split_feature=2 2 93 55 81 30 69 78 32 49 69 81 115 64 64 4 0 99 1 51 5 88 90 1 71 38 72 0 77 46
split_gain=31.8624 11.7815 10.91 10.3268 6.5896 5.6129 5.51082 6.66843 5.49701 6.92742 5.94605 5.91764 5.29682 5.23862 4.81255 4.80823 4.81438 4.77377 4.74333 5.12343 5.10883 6.04802 5.48138 6.39949 6.33758 6.93443 5.51799 5.25771 5.13276 4.58618
threshold=-2.4999999999999996 5.5000000000000009 1.697999954223633 1.9177550077438357 0.50569355487823497 9.5000000000000018 0.99850499629974376 -0.050625000149011605 1.7888888716697695 1.6978107094764712 1.460754990577698 -0.9886513054370879 1.0000000180025095e-35 -0.6996299922466277 0.60135000944137584 10.005208492279055 14.500000000000002 0.74722221493721019 6.5000000000000009 1.6929259896278384 -0.99479165673255909 -0.3357142955064773 3.0303400754928593 19.500000000000004 -0.29354000091552729 0.29285715520381933 1.3339447975158694 10.500000000000002 1.510160028934479 0.18333333730697635
decision_type=2 2 10 10 10 2 8 8 2 2 8 8 2 8 10 2 2 2 2 2 2 2 8 2 10 2 10 2 8 2
left_child=2 6 8 4 5 17 7 -2 11 -10 -11 -1 -7 -8 -6 -15 -17 -3 -13 20 21 -20 24 -24 -22 -26 -27 28 -23 -12
right_child=1 3 -4 -5 14 12 13 -9 9 10 29 18 -14 15 -16 16 -18 -19 19 -21 22 27 23 -25 25 26 -28 -29 -30 -31
leaf_value=0.022550031079824701 -0.0028542702849192361 0.026888355848117641 0.032057885585589072 0.025169699393573032 -0.040520145957030788 -0.012217250752471822 0.012870308528898009 -0.029578212709112917 0.039895265217094474 -0.013748330934001157 0.023275051625237381 0.024190525194450169 0.01357882365581514 0.00058314515032555298 -0.016721999656947931 -0.014694137286699228 0.011481673587046042 -0.0063434150769002499 0.030195334867557641 0.022314814449719743 -0.011756733162495306 -0.0082777382945036677 -0.013369022463021416 0.014012191364880938 -0.0011337136007518046 0.0077557373218082315 0.037249602118333856 -0.020470084235092785 0.020254410781888735 0.0074079836521608938
leaf_weight=37.311318099498749 66.194914728403091 19.443257570266724 42.011698544025421 19.480475306510925 25.695073962211609 318.46715626120567 72.438759326934814 36.059510916471481 20.53067421913147 24.419015377759933 65.818956196308136 23.019891291856766 21.226098477840424 618.84113478660583 122.62567421793938 102.58706325292587 21.195711076259613 24.328980952501297 26.390857368707657 26.771267712116241 57.187811374664307 25.436930447816849 148.9904001057148 24.906549751758575 92.279657542705536 37.637236267328262 27.40559920668602 18.889663010835648 41.443387925624847 147.81368181109428
leaf_count=102 187 55 130 56 82 925 197 109 56 66 182 62 62 1725 406 289 59 70 71 72 157 69 401 67 249 101 74 51 112 405
internal_value=-0.00028732 -0.00480864 0.00718786 -0.0105856 -0.0118954 -0.00843387 -0.00133694 -0.0122783 0.00595321 0.0120283 0.00962489 0.0032801 -0.0106054 3.57239e-05 -0.0208448 -0.00121622 -0.010212 0.00841786 0.00197371 0.00100388 -0.000135866 0.00926401 -0.00285028 -0.00944732 0.00249774 0.00767934 0.0201829 0.00282358 0.00940263 0.0122965
internal_weight=2356.85 1468.58 888.265 551.267 531.786 383.465 917.317 102.254 846.253 258.582 238.052 587.671 339.693 815.063 148.321 742.624 123.783 43.7722 550.359 527.339 500.568 112.161 388.407 173.897 214.51 157.322 65.0428 85.77 66.8803 213.633
internal_count=6649 4222 2427 1656 1600 1112 2566 296 2297 709 653 1588 987 2270 488 2073 348 125 1486 1424 1352 303 1049 468 581 424 175 232 181 587
is_linear=0
shrinkage=0.05


Tree=55
num_leaves=31
num_cat=0
split_feature=65 92 64 25 89 36 50 49 59 4 100 69 66 29 4 33 26 93 92 62 32 37 29 73 76 3 99 67 50 87
split_gain=5.26793 4.01888 7.61596 5.94587 6.76354 7.85003 6.18458 5.70594 5.89729 5.55585 6.96623 5.1936 5.12455 6.38938 4.44341 5.96742 4.39267 5.36952 5.13928 5.21992 5.03306 4.1709 6.85476 4.90065 4.59059 4.32662 4.26945 4.15389 4.13248 8.72058
threshold=2.7536193132400517 2.677534937858582 -1.0373199582099912 0.57857143878936779 1.1500000357627871 0.35416667163372045 2.0916398763656621 1.408806383609772 2.0183070898056035 6.1718750000000009 1.0000000180025095e-35 1.3315250277519228 0.75695428252220165 0.79285714030265819 6.0989582538604745 0.73214286565780651 1.3499999642372134 0.14280999451875689 3.3500549793243413 1.7635800242424013 1.5857142806053164 0.21111111342906955 1.678571403026581 1.5403668880462649 1.7498599886894228 3.8024305105209355 0.67261904478073131 0.048812143504619605 1.8590476512908938 -0.79285714030265797
decision_type=10 10 10 2 2 2 2 2 10 2 2 10 10 2 2 2 2 10 10 8 2 2 2 10 10 2 2 10 2 2
left_child=1 28 -3 11 6 -6 9 8 -7 10 12 -4 -5 -14 15 -15 17 20 -18 -20 -11 22 27 24 25 -23 -27 -17 -1 -30
right_child=-2 2 3 4 5 7 -8 -9 -10 16 -12 -13 13 14 -16 21 18 -19 19 -21 -22 23 -24 -25 -26 26 -28 -29 29 -31
leaf_value=0.0037171497736347885 -0.02776264263146357 -0.032069998393271203 -0.036881383111328367 0.030487586534219503 0.042584536171624665 0.0018160047723152083 -0.029458367058699933 -0.015249512766838792 0.046743595317981411 -0.010650446604893393 0.028344420475999998 0.0013170125495086567 -0.022179177542171014 0.032292878222583012 0.030302845483956488 -0.024994240232603035 0.0073286901878564931 -0.011501504008600805 -0.02988403685991696 0.0021130516915462017 0.027431611142605308 -0.019236366401905174 0.031986403391790895 -0.03757580156319798 -0.027740513928684762 0.040129473724602918 -0.0018526769229718631 0.0064880445677048997 -0.01898653722729627 0.0037013724117688027
leaf_weight=888.51932811737061 16.878285795450211 21.00379653275013 21.67589296400547 14.390400797128676 17.996655106544495 20.33273404836655 20.109077021479607 21.844725698232651 11.398910209536551 16.336710408329964 27.974250614643097 15.095732077956198 28.722134858369827 13.671245902776716 14.037173032760618 15.450942084193228 118.88790199160576 227.92636281251907 22.18270118534565 29.963262394070625 18.502925634384155 12.023614659905432 18.777580097317696 14.03634390234947 14.766534447669981 11.191564202308657 13.197210460901259 32.551568120718002 66.470799371600151 116.73754154145718
leaf_count=2993 68 91 82 50 61 73 73 77 40 59 100 53 103 52 51 56 416 857 85 109 64 45 66 50 53 40 51 112 230 389
internal_value=4.67121e-05 0.000295615 -0.00235285 -0.00156579 -0.000611139 0.0140138 -0.00213991 0.00441667 0.0179553 -0.00131331 0.00495432 -0.0211999 0.00172815 -0.000468257 0.00343637 0.000847382 -0.00464783 -0.00870708 0.00158856 -0.0114984 0.00957449 -0.00240954 0.00637374 -0.0114036 -0.00422558 0.00531058 0.0174122 -0.0036454 0.0023073 -0.00453015
internal_weight=1902.65 1885.78 814.048 793.044 756.273 71.573 684.7 53.5764 31.7316 664.59 230.791 36.7716 202.816 188.426 159.704 145.667 433.8 262.766 171.034 52.146 34.8396 131.995 66.7801 65.2153 51.1789 36.4124 24.3888 48.0025 1071.73 183.208
internal_count=6649 6581 2969 2878 2743 251 2492 190 113 2419 829 135 729 679 576 525 1590 980 610 194 123 473 234 239 189 136 91 168 3612 619
is_linear=0
shrinkage=0.05


Tree=56
num_leaves=31
num_cat=0
split_feature=51 71 78 97 79 33 4 67 80 32 9 47 62 89 74 3 24 55 49 91 78 77 66 94 51 41 96 60 73 1
split_gain=22.7906 22.9722 13.163 9.6633 9.44549 8.29491 7.89954 10.0271 7.40122 7.26519 7.17086 6.54713 6.428 6.36191 6.25894 6.2487 6.0276 5.96358 7.12368 6.96656 6.28878 5.12447 5.16149 5.07876 6.85628 5.93293 5.36293 5.08978 5.63323 5.77105
threshold=2.1161302328109746 0.17928500473499301 -0.22393611073493955 0.42153927683830267 1.4175181388854983 2.1339285373687749 6.9913194179534921 -0.027004285715520378 1.7971460819244387 1.4722222089767458 1.8999999761581423 1.0000000180025095e-35 1.4661300182342532 -0.72142857313156117 -0.62503907084465016 8.0989584922790545 0.72142857313156139 0.67186999320983898 1.2995176315307619 0.38650999963283544 0.48971000313758856 1.4565262198448183 1.2349735498428347 2.1393885612487797 1.7765273451805117 1.2678571343421938 2.0187922716140752 -0.69750216603279103 1.3972128033638003 10.500000000000002
decision_type=2 10 10 8 8 2 2 10 10 2 2 2 8 2 10 2 2 8 2 10 10 10 10 8 2 2 10 10 10 2
left_child=1 2 8 -2 16 9 -6 12 -1 11 15 -4 -8 -9 -10 -11 -3 -13 23 -20 -21 22 -15 26 25 27 -19 -25 -29 -30
right_child=3 4 5 -5 6 -7 7 13 14 10 -12 17 -14 21 -16 -17 -18 18 19 20 -22 -23 -24 24 -26 -27 -28 28 29 -31
leaf_value=-0.00058439381406673525 -0.0057703490054765924 0.011695998373622792 0.03315094429245212 0.019098683375227063 -0.015823239022507634 0.025177458379571156 0.004085232481935641 -0.030490749031699182 0.003442748139685719 -0.0051999111155541476 -0.025702385924618182 0.037433559273747717 0.054765438889565102 -0.0019564479266606255 -0.020849188283169246 0.027720143533636089 -0.021175417545813497 0.012444049185601875 0.00024983515413097275 0.048077444717071913 0.0066714680140539176 -0.023003677499838636 0.027463097503876738 -0.025472232637456044 -0.010573152255122974 0.016422224025457219 -0.024666043701220393 -0.012090468217840914 -0.0049712202934058536 0.037401644968953811
leaf_weight=635.24141031503677 48.299329698085785 14.95443734526634 25.083536744117737 204.22722160816193 84.894142493605614 57.822604775428772 11.333826392889025 17.589714869856834 37.458546698093414 66.728581979870796 32.482245147228241 15.210781633853911 13.966578304767607 39.939977809786797 90.775500670075417 18.386709570884705 206.79679477214813 14.086412608623503 26.240983247756958 25.855726212263107 14.210146009922026 15.531945958733557 23.788631737232208 17.164763540029526 55.300593554973602 117.52671647071838 31.519434198737144 25.573446720838547 14.077759265899656 18.722400546073914
leaf_count=2105 148 54 71 576 305 161 42 65 119 216 101 43 51 136 334 56 861 42 82 79 40 55 83 51 156 343 94 81 42 57
internal_value=0.00029112 -0.00171551 0.00150895 0.0143421 -0.011788 0.00721546 -0.00410809 0.00403388 -0.00279625 0.00521108 -0.00571587 0.00841894 0.0320622 -0.00328803 -0.0137533 0.00191152 -0.0189586 0.00676679 0.00547205 0.020276 0.033392 0.00274887 0.00902529 0.00213295 0.00494913 0.00939525 -0.0132037 -0.00153769 0.00550026 0.0192153
internal_weight=2020.79 1768.26 1339.47 252.527 428.796 575.993 207.045 122.151 763.475 518.17 117.598 400.573 25.3004 96.8503 128.234 85.1153 221.751 375.489 360.278 66.3069 40.0659 79.2606 63.7286 293.972 248.366 193.065 45.6058 75.5384 58.3736 32.8002
internal_count=6649 5925 4273 724 1652 1715 737 432 2558 1554 373 1181 93 339 453 272 915 1110 1067 201 119 274 219 866 730 574 136 231 180 99
is_linear=0
shrinkage=0.05


Tree=57
num_leaves=31
num_cat=0
split_feature=2 48 2 81 46 82 81 92 62 73 77 4 57 76 79 65 29 43 2 93 79 12 56 55 96 90 69 25 73 95
split_gain=32.832 10.6559 10.1167 7.79656 5.69153 5.62252 6.05219 5.56352 6.73638 5.53734 5.45976 11.0191 6.52573 6.22013 5.22721 4.84665 4.80624 4.63037 4.99703 9.07333 5.59908 6.923 5.92815 6.25605 4.96794 6.18522 5.15255 4.88164 4.72592 5.29172
threshold=-2.4999999999999996 2.1453009843826298 7.5000000000000009 0.53318840265274059 0.38750000298023229 1.1000000238418581 1.2047126889228823 3.3768900632858281 2.0117900371551518 1.437804162502289 1.720510005950928 5.9427082538604745 0.86989000439643871 1.0716400146484377 1.6063283085823061 2.1380707025527959 2.3928571939468388 0.41428571939468389 -6.4999999999999991 0.091044999659061446 1.0269302129745486 0.30000000447034841 1.7026000022888186 1.4776099920272829 2.3109757900238042 2.4801499843597417 1.8922950029373171 0.76428571343421947 1.3553313612937929 0.89239928126335155
decision_type=2 2 2 10 2 2 10 10 10 8 8 2 8 8 10 10 2 2 2 8 10 2 10 10 8 8 10 2 10 10
left_child=1 16 5 4 -3 6 7 10 -9 -7 12 -12 -2 -13 -4 -10 17 18 20 -20 -1 28 23 -23 -21 -26 27 -27 29 -22
right_child=2 3 14 -5 -6 9 -8 8 15 -11 11 13 -14 -15 -16 -17 -18 -19 19 24 21 22 -24 -25 25 26 -28 -29 -30 -31
leaf_value=0.01354201041297695 -0.0062015260859143093 0.027195081866391375 -0.007835828477796087 -0.012273037350495017 0.00092636071555178751 0.031559775106623625 -0.023090618159736676 0.016452574087820412 -0.030554464162434306 -0.0064981688057467657 0.016967490581343583 0.01800735502055965 -0.037766208591066566 -0.0066787102397545392 -0.02019683044453506 0.0040852792125355766 0.017568321093072745 0.016219015288744917 0.030751655856305793 -0.019173461057715054 0.010291887883128452 0.0036039657779969379 -0.016129232461632739 0.038041618065898807 0.019059025885128679 0.01427642049197172 0.018330395417040252 -0.010930325524159172 -0.023926614188630291 -0.022637310646840499
leaf_weight=143.30582478642464 534.27946630120277 117.60433426499367 235.91954481601715 18.069308340549469 25.004238873720169 23.067448973655701 37.815932095050812 75.716997474431992 15.575502544641493 16.319272071123123 81.125069051980972 28.549078226089478 16.892126560211182 240.29242232441902 134.16522896289825 28.713488072156906 63.595251858234406 61.72334897518158 18.953249156475067 50.620042026042938 38.00322225689888 28.100861728191376 14.694652348756788 24.850027590990067 30.600414276123047 21.891986101865768 21.023662358522415 156.64112451672554 33.940920948982239 17.969188302755356
leaf_count=390 1526 337 694 49 69 63 118 207 44 45 221 78 46 661 446 82 176 167 51 138 103 76 40 68 83 59 58 423 92 50
internal_value=-0.000580125 0.00701764 -0.00516741 0.0186688 0.0225893 -0.00275838 -0.0034483 -0.00272089 0.00739247 0.0157911 -0.0040677 0.000816474 -0.00716891 -0.00405722 -0.012317 -0.00809679 0.00443872 0.00317803 0.0018378 -0.00273156 0.00638993 -0.000115158 0.0119682 0.0197657 -0.00499177 -0.00187269 -0.0050824 -0.00783944 -0.00920598 -0.000279588
internal_weight=2355.02 886.592 1468.43 160.678 142.609 1098.35 1058.96 1021.14 120.006 39.3867 901.138 349.967 551.172 268.842 370.085 44.289 725.914 662.319 600.595 299.73 300.865 157.559 67.6455 52.9509 280.777 230.157 199.557 178.533 89.9133 55.9724
internal_count=6660 2429 4231 455 406 3091 2983 2865 333 108 2532 960 1572 739 1140 126 1974 1798 1631 812 819 429 184 144 761 623 540 482 245 153
is_linear=0
shrinkage=0.05


Tree=58
num_leaves=31
num_cat=0
split_feature=93 88 50 67 79 67 49 74 24 3 1 24 29 42 53 90 46 11 55 88 87 49 44 50 98 27 59 60 94 60
split_gain=6.40311 6.38296 4.87091 5.54297 5.19831 6.05795 4.65166 5.97101 4.23935 7.36854 7.60651 7.89968 8.85711 4.79383 4.32386 8.2637 7.29493 6.63661 5.75606 5.12813 8.46048 6.59755 6.57445 10.6627 6.62979 6.50177 8.01176 6.56943 6.58711 5.62202
threshold=1.179504990577698 -1.9071428179740904 2.1271637678146367 -1.4127706885337827 2.3169479370117192 1.0363399982452395 1.1330305337905886 0.18569405376911166 2.1214286088943486 12.520833492279055 16.500000000000004 2.5214285850524907 1.4214285612106325 2.4142857789993291 1.4314534664154055 1.8129399418830874 0.21111111342906955 0.70000001788139354 0.9618399739265443 0.050000000745058067 -0.79285714030265797 1.6254019141197207 0.38750000298023229 1.2225829362869265 0.70000001788139354 1.2928571105003359 1.4700157046318056 -0.15450714528560636 2.646867156028748 0.18354643136262896
decision_type=10 2 2 8 10 10 2 10 2 2 2 2 2 2 2 8 2 2 8 2 2 2 2 2 2 2 10 10 10 8
left_child=2 -2 3 -1 5 8 -7 -8 13 10 11 -10 -13 14 15 -5 -17 18 -18 21 -21 25 -22 -24 -25 29 -27 28 -28 -20
right_child=1 -3 -4 4 -6 6 7 -9 9 -11 -12 12 -14 -15 -16 16 17 -19 19 20 22 -23 23 24 -26 26 27 -29 -30 -31
leaf_value=0.036115994322946994 -0.040332536026850871 -0.0050637916950588453 -0.0085982422240488878 0.029210673474024392 -0.026959676565855406 0.038310106734710019 -0.016896804503353929 0.020387867233575538 -0.013336610810677652 -0.02763813802266632 0.029626187051755005 0.028335212057097062 -0.015876696342692013 -0.025297990450172326 0.0066943785493228346 -0.0077570630734092594 -0.016707340410586184 0.038435727348369003 0.00077374624815191391 -0.033345917901884715 -0.0060717247022539153 0.034243411007494284 -0.010367197669500346 0.0036185195333827466 0.048378073959381582 -0.0034792996078907659 0.033704566747190454 0.051528059061558606 -0.0094722690825884172 0.038813476931097275
leaf_weight=12.143443167209623 13.65125650167465 212.90152412652969 106.19271735846996 24.685293972492218 15.131656780838965 18.607915908098221 15.404817491769789 35.446341887116432 92.382927775382996 30.60615436732769 18.141499862074852 29.988997429609299 18.204586192965508 14.962661698460577 516.57714483141899 222.34221598505974 37.309043794870377 12.950554788112639 15.891210734844206 19.89082133769989 113.01663708686829 22.351485088467598 25.554327055811882 13.066050648689268 22.553275763988495 152.3290985673666 15.526482105255125 12.24924063682556 20.492151767015457 24.983801797032356
leaf_count=41 64 865 368 79 57 60 52 117 330 113 65 106 70 52 1750 759 125 43 53 67 384 75 88 44 74 517 51 41 69 81
internal_value=0.000701375 -0.00718896 0.00176605 0.00246584 0.002204 0.00248954 0.0169201 0.00909287 0.00181047 -0.00517521 -0.000843608 -0.00477576 0.0116347 0.00283832 0.00316935 0.000758107 -0.000203363 0.00310168 0.00217765 0.00371635 -0.00245282 0.00825469 0.00107487 0.014278 0.0319592 0.00584909 0.00214553 0.019897 0.00913989 0.0240246
internal_weight=1905.54 226.553 1678.98 1572.79 1560.65 1545.51 69.4591 50.8512 1476.06 189.324 158.718 140.577 48.1936 1286.73 1271.77 755.192 730.506 508.164 495.214 457.905 194.081 263.823 174.19 61.1737 35.6193 241.472 200.597 48.2679 36.0186 40.875
internal_count=6660 929 5731 5363 5322 5265 229 169 5036 684 571 506 176 4352 4300 2550 2471 1712 1669 1544 657 887 590 206 118 812 678 161 120 134
is_linear=0
shrinkage=0.05


Tree=59
num_leaves=31
num_cat=0
split_feature=2 51 93 57 60 90 4 97 3 31 50 38 94 50 64 26 69 5 18 87 4 64 1 55 5 24 92 73 70 26
split_gain=32.809 14.7835 10.8511 8.97244 7.74478 7.25161 6.18414 6.27981 9.08673 7.49196 7.55488 7.14291 9.51178 9.27529 6.32233 6.27943 6.09822 5.9725 5.91714 5.84 9.11932 6.02708 7.05953 9.33314 5.60511 5.68849 5.51643 5.50598 5.13357 5.30484
threshold=-2.4999999999999996 2.1161302328109746 0.54026001691818248 -0.077009998261928544 0.2049742862582207 1.9563599824905398 14.109375000000002 0.27477757632732397 13.979166507720949 1.9499999880790713 1.1494583487510683 0.35416667163372045 2.3730057477951054 1.2417325973510744 -0.097810000181198106 0.57857143878936779 0.90656000375747692 -1.7552083134651182 1.5000000000000002 -0.035714286379516118 13.901041507720949 -0.01010000007227063 10.500000000000002 1.2982400059700014 -1.0781249999999998 1.1214285492897036 2.2131299972534184 1.3918458819389345 1.5037150382995608 1.1928571462631228
decision_type=2 2 8 8 10 8 2 10 2 2 2 2 10 2 8 2 10 2 2 2 2 10 2 8 2 2 10 10 10 2
left_child=4 3 27 5 19 16 7 8 9 10 -5 13 -13 -12 -15 -9 -2 -7 -8 20 24 -21 -23 -24 -1 26 -26 -3 -4 -30
right_child=1 2 28 6 -6 17 18 15 -10 -11 11 12 -14 14 -16 -17 -18 -19 -20 21 -22 22 23 -25 25 -27 -28 -29 29 -31
leaf_value=-0.018831654159816909 0.006898502128523447 0.0056748819112505452 0.014304856863219535 -0.012670907010138217 -0.016672963871509832 -0.010392868156276783 0.029230380077008192 0.016810094834212887 -0.035890693879020108 0.038456442250487555 0.034187494676745492 0.0087145390486693449 0.052322221505953143 0.027622233938343878 -0.0091101320954334857 -0.013800146105465191 -0.020887563421261301 0.010387784265265466 -0.0066012029944171715 -0.011771278694141102 -0.036114007347663575 -0.021250507813643221 -0.0027792821622960916 0.055617797818748087 0.023848962108503107 0.034559890903820861 -0.0095514334649658417 -0.029830931956131762 0.05574350014743993 0.024344050615188198
leaf_weight=13.760254412889479 37.942516952753067 43.833613455295563 103.33320589363575 81.327047079801559 235.17414040863514 37.49386391043663 28.719571828842163 18.47104412317276 16.603292047977448 13.528201907873152 16.387204498052597 65.935045719146729 15.431378215551375 12.942412436008452 123.45952650904655 180.26746402680874 41.175401583313942 444.33402802050114 19.240919500589371 246.6091706007719 11.854842364788054 13.109764516353605 15.32778647542 12.35875980556011 22.970644742250443 26.484074294567108 26.767935931682587 14.540919989347456 17.275309175252914 60.770123869180679
leaf_count=50 113 132 292 261 1001 111 87 61 53 45 52 205 46 40 398 592 130 1298 59 921 43 48 54 43 79 95 95 44 47 165
internal_value=1.47284e-05 0.00428374 0.0155807 0.00193519 -0.00950901 0.00646706 -0.00235668 -0.00387315 0.000199228 0.00202048 0.000458071 0.00501803 0.0169849 -0.00135479 -0.0056248 -0.0109552 -0.00756222 0.00877072 0.0148554 -0.00518067 0.00510799 -0.0088263 0.00897575 0.0232881 0.0105388 0.015841 0.00587379 -0.00316951 0.0216152 0.0312943
internal_weight=2017.43 1393.01 239.753 1153.26 624.417 560.946 592.313 544.353 345.614 329.011 315.483 234.156 81.3664 152.789 136.402 198.739 79.1179 481.828 47.9605 389.243 101.838 287.405 40.7963 27.6865 89.9829 76.2227 49.7386 58.3745 181.379 78.0454
internal_count=6660 4231 680 3551 2429 1652 1899 1753 1100 1047 1002 741 251 490 438 653 243 1409 146 1428 362 1066 145 97 319 269 174 176 504 212
is_linear=0
shrinkage=0.05


Tree=60
num_leaves=31
num_cat=0
split_feature=2 60 65 78 71 93 69 10 67 51 50 50 66 24 60 60 63 16 19 49 48 62 83 9 2 42 42 53 58 94
split_gain=29.8255 14.2593 10.5542 8.27511 8.16443 7.79694 7.76322 7.22268 6.98848 6.51665 5.35304 6.13549 7.67479 6.53016 5.86646 6.76033 6.22962 5.06806 6.58904 6.86355 4.74937 4.66245 4.56451 6.32184 4.55704 5.96351 4.67292 4.68401 4.48437 4.47204
threshold=1.5000000000000002 -0.38512070477008814 0.78132215142250072 0.72291001677513134 0.95252215862274181 0.52678498625755321 1.8673149943351748 0.30000000447034841 -0.87308642268180836 0.7186495065689088 1.6382636427879336 1.1733551621437075 1.0158799886703493 0.79285714030265819 -0.053214287385344498 0.3482778668403626 1.4381600022315981 0.5000000149011613 0.30000000447034841 1.1267579197883608 1.0624257922172549 1.3945500254631045 -0.90000000596046437 2.1000000238418584 4.5000000000000009 1.6125000119209292 1.4142857193946841 1.148688077926636 1.452352821826935 3.2343114614486699
decision_type=2 8 8 10 10 10 10 2 8 2 2 2 8 2 8 8 8 2 2 2 2 10 2 2 2 2 2 2 10 10
left_child=1 7 -3 4 -4 9 -7 17 -9 -2 11 13 -13 -11 -14 -16 -17 -1 19 -19 -18 -20 23 -12 25 26 27 -24 -5 -6
right_child=5 2 3 28 29 6 -8 8 -10 10 22 12 14 -15 15 16 20 18 21 -21 -22 -23 24 -25 -26 -27 -28 -29 -30 -31
leaf_value=0.016983828659650473 -0.036070856332062994 0.028328297177413364 0.0054287842114578658 -0.035678617042608392 0.040337553785374215 -0.013280550417832949 0.022739576950048569 0.014591491058133097 -0.022275178453214913 0.034443744280601589 0.0074729088320144984 -0.03605413308274133 0.0051744235432432204 -0.0010518349314222791 -0.033988720390244878 0.022099479339428903 -0.00071600990927061202 -0.0025310697356816006 0.028406756824897773 -0.03909933234446579 -0.021923775868298634 -0.0073914490491004299 0.03637213954376544 -0.036843377977200532 0.00098113173978786779 -0.0081356752358002753 0.050548244328886084 -0.00029654208936532363 -0.0041902129362365098 0.0148229118296809
leaf_weight=36.175844848155975 14.608431369066237 54.895872682332993 894.74583715200424 15.317548543214796 22.37582802772522 406.66722306609154 15.529861301183699 15.118279606103895 85.846314340829849 14.324042826890944 17.849869906902313 26.256089419126511 64.71454119682312 135.80104619264603 30.174590170383457 15.465508610010145 50.182023048400879 34.752477318048477 19.107420772314072 20.342633724212646 55.701402992010117 17.358820110559464 16.357665926218033 14.654015868902205 93.96707558631897 16.261991649866104 14.572437256574629 18.625229835510254 43.1822429895401 73.871021926403046
leaf_count=99 42 155 2433 44 67 1277 43 41 240 40 51 76 184 382 85 42 141 97 53 56 156 49 45 42 266 45 40 52 120 214
internal_value=-0.00032309 0.00460321 0.00695644 0.00583854 0.00691726 -0.00675073 -0.0119556 -0.00676038 -0.0167548 -0.0030853 -0.00226147 -0.00560894 -0.0105269 0.00233494 -0.00742733 -0.0128094 -0.00754301 0.00113932 -0.00512084 -0.0160331 -0.0118726 0.0113659 0.0045735 -0.0125066 0.00804799 0.0181373 0.026759 0.0168494 -0.0124351 0.0207547
internal_weight=2354.8 1333.09 1104.39 1049.49 990.993 1021.71 422.197 228.702 100.965 599.516 584.908 392.619 242.494 150.125 216.238 151.524 121.349 127.737 91.5614 55.0951 105.883 36.4662 192.288 32.5039 159.784 65.8173 49.5553 34.9829 58.4998 96.2468
internal_count=6677 3668 3033 2878 2714 3009 1320 635 281 1689 1647 1106 684 422 608 424 339 354 255 153 297 102 541 93 448 182 137 97 164 281
is_linear=0
shrinkage=0.05


Tree=61
num_leaves=31
num_cat=0
split_feature=93 3 72 3 69 72 80 66 44 87 29 88 63 95 70 59 49 65 66 92 57 76 82 51 49 1 67 76 76 25
split_gain=6.66822 5.34636 5.50187 5.85826 4.25623 6.94426 5.42119 6.19077 5.81302 5.39405 5.98149 4.53547 3.94605 3.75502 3.50688 6.02418 5.78923 4.73089 4.31422 4.31109 3.55034 3.84187 7.49727 8.00384 9.08299 8.40708 7.46216 5.79651 4.10964 4.45902
threshold=2.0389649868011479 2.9322916269302373 1.3241757750511172 2.8072916269302373 1.7831899523735049 1.8831151127815249 1.2025344371795657 1.0624821782112124 1.0000000180025095e-35 0.66428571939468395 1.3928571343421938 1.0357143282890322 1.8210600018501284 1.1575707197189333 2.017149925231934 2.1321520805358891 1.4351626038551333 1.4084435701370241 1.3295385837554934 2.072176575660706 -1.0994599461555479 1.0758349895477297 0.30000000447034841 0.72415244579315197 1.2637476921081545 12.500000000000002 -0.24945142865180966 0.96162000298500072 0.78557997941970836 1.8499999642372134
decision_type=10 2 8 2 10 10 10 10 2 2 2 2 10 10 10 10 2 10 10 10 8 8 2 2 2 2 8 10 10 2
left_child=1 2 -1 -4 14 -6 7 11 -8 -10 -11 -7 13 -12 15 20 18 19 -17 -16 -3 22 23 -22 25 27 -26 -25 -24 -30
right_child=-2 4 3 -5 5 6 8 -9 9 10 12 -13 -14 -15 17 16 -18 -19 -20 -21 21 -23 28 24 26 -27 -28 -29 29 -31
leaf_value=0.034169711626432703 -0.022529174793042048 -0.017312507267318561 -0.024408174203202935 0.022607403791265364 -0.019002363466009302 -0.011274765364905745 0.029614448341900718 0.03923721255929484 -0.024151710634665237 -0.028757348254646577 0.0066267675869556902 0.025990830817434973 -0.013015924847479416 0.051394325399800433 -0.023776442528322027 0.030779104040750654 0.045751433665889484 -0.022641520325033231 -0.0058816987975928124 0.012008191374353345 0.049441517330221785 0.00072173542844205651 -0.025532402357500997 0.040469134782816094 0.012389528148236198 -0.019389093141382738 0.063754956448501418 -0.0007124874904764195 0.0083526919342564732 -0.018636187965276645
leaf_weight=24.43576817214489 30.390381753444672 24.761047840118408 12.093486160039904 14.654003322124479 69.388477250933647 23.420097723603249 9.6217615008354169 15.83614571392536 41.169314011931419 11.396172031760214 10.171599179506307 12.534716427326201 8.9886817336082441 8.682402089238165 11.563333079218863 12.954925656318663 14.549250841140745 34.558661922812462 21.087389022111893 30.927848547697067 16.368634402751923 1252.2684941291809 15.214001417160032 15.215109199285505 16.229073002934456 28.266657099127769 12.52964222431183 19.49065113067627 71.179136902093887 19.495957896113396
leaf_count=79 144 86 43 51 265 82 38 55 167 48 41 44 41 40 40 44 48 125 71 104 52 4294 54 48 55 96 40 64 246 72
internal_value=0.00070477 0.00108054 0.0170187 0.00135 0.000634245 -0.00604094 0.000300682 0.0131895 -0.0071138 -0.0115088 0.0017562 0.00171692 0.0142456 0.0272425 0.00150633 0.00202728 0.0193523 -0.00890343 0.0080697 0.00226994 0.00146267 0.00177973 0.00797114 0.0172339 0.0114867 0.000854193 0.0347685 0.0173417 -0.00148498 0.00254984
internal_weight=1909.44 1879.05 51.1833 26.7475 1827.87 211.209 141.821 51.791 90.0299 80.4082 39.2389 35.9548 27.8427 18.854 1616.66 1539.61 48.5916 77.0498 34.0423 42.4912 1491.02 1466.26 213.989 108.1 91.7311 62.9724 28.7587 34.7058 105.889 90.6751
internal_count=6677 6533 173 94 6360 821 556 181 375 337 170 126 122 81 5539 5270 163 269 115 144 5107 5021 727 355 303 208 95 112 372 318
is_linear=0
shrinkage=0.05


Tree=62
num_leaves=31
num_cat=0
split_feature=2 78 36 73 8 1 69 65 63 27 51 78 93 25 56 27 0 11 66 58 89 71 89 109 44 78 50 73 91 78
split_gain=30.6838 12.2305 9.25171 8.40592 7.4225 7.0014 6.75213 6.38294 6.22159 5.93243 6.52313 5.73534 5.43038 5.30362 5.98781 5.75543 5.02206 5.00288 4.80125 6.41119 5.694 7.32222 5.8682 5.66273 5.77149 4.4169 4.683 4.74907 5.31961 6.14452
threshold=-2.4999999999999996 1.0275599956512453 0.78888890147209179 0.83328473567962658 2.1000000238418584 3.5000000000000004 1.0116149783134463 0.78132215142250072 1.6176499724388125 1.3928571343421938 1.9846798777580263 -0.22393611073493955 0.35108856856822973 1.0928571820259096 1.0561299920082095 2.2642856836318974 14.500000000000002 0.30000000447034841 1.7672557234764101 1.2070878744125368 0.84999999403953563 0.15209332853555682 1.0500000119209292 1.0000000180025095e-35 0.41428571939468389 0.75503998994827282 0.6157556176185609 1.2460461258888247 1.1465600132942202 -0.50878000259399403
decision_type=2 10 2 8 2 2 8 8 10 2 2 10 8 2 10 2 2 2 10 10 2 10 2 2 2 10 2 8 8 8
left_child=3 2 4 -1 5 8 -4 -5 9 17 16 -7 -12 -3 -15 -16 -11 -2 20 -20 21 23 -22 24 -13 26 -9 28 -28 -30
right_child=1 13 6 7 -6 11 -8 25 -10 10 12 18 -14 14 15 -17 -18 -19 19 -21 22 -23 -24 -25 -26 -27 27 -29 29 -31
leaf_value=-0.035330235340132 0.04601261733922795 0.033852352307231874 0.038717643915078814 -0.028000000587698661 -0.014792073535503616 -0.0040345078744427982 0.0041648695061697848 -0.027064392330731386 0.035605196052229601 -0.012557497561164803 -0.0092050736451743838 0.004694067371390007 0.016612536354283319 -0.013880658148844061 -0.000396639201291324 0.031012039341706595 0.015986380634510557 0.0054527046056611975 -0.0026051477816678788 0.038205165113849943 -0.026149843442221012 -0.0072074033123117809 6.717631047746307e-05 0.032630757141638884 0.030807903791531439 0.019552760739230752 -0.020385975900386804 -0.0035253248476407907 -0.021472769613092246 0.019176906343202207
leaf_weight=30.113815367221832 16.943042248487476 40.314634144306183 29.455213725566864 38.235498428344727 66.418785244226456 414.94975829124451 27.19080862402916 29.30622760951519 20.989568114280701 68.391038253903389 25.369419276714325 201.91521292924881 103.30274301767349 17.885005742311478 23.646979600191116 38.061899244785309 19.89173623919487 13.790927499532698 16.816739618778229 22.499049216508865 30.67619252204895 83.112211972475052 70.1619493663311 24.737308770418167 23.635302364826202 15.370761424303053 100.85411335527897 366.76011957228184 16.384468406438828 21.489040911197662
leaf_count=144 49 110 82 160 223 1340 79 119 61 209 77 590 291 52 66 104 56 41 49 66 91 276 201 70 68 53 424 1351 81 94
internal_value=-0.000289748 0.00380737 0.00237722 -0.00956457 0.00146269 0.00239566 0.0221319 -0.00824591 0.00946819 0.0072533 0.00434085 0.00025697 0.0115223 0.0190769 0.0115931 0.0189762 -0.00612604 0.0278126 0.00401736 0.0207492 0.00250247 0.00565126 -0.00790836 0.0099212 0.00743052 -0.00687303 -0.00763255 -0.00650596 -0.014386 0.00159144
internal_weight=2018.67 1400.16 1280.25 618.514 1223.6 1157.18 56.646 588.4 268.678 247.689 216.955 888.504 128.672 119.909 79.5939 61.7089 88.2828 30.734 473.554 39.3158 434.238 333.4 100.838 250.288 225.551 550.165 534.794 505.488 138.728 37.8735
internal_count=6677 4251 3919 2426 3758 3535 161 2282 784 723 633 2751 368 332 222 170 265 90 1411 115 1296 1004 292 728 658 2122 2069 1950 599 175
is_linear=0
shrinkage=0.05


Tree=63
num_leaves=31
num_cat=0
split_feature=2 93 2 35 72 24 50 2 52 91 76 24 91 97 91 67 91 73 58 67 26 25 29 53 62 88 67 65 1 51
split_gain=27.0231 10.6957 9.9198 6.37927 6.06548 7.85969 5.51342 5.47722 5.44773 10.4576 8.00039 5.63877 5.58783 5.37407 5.11136 4.89174 7.01224 5.51112 5.23177 4.93047 7.60897 5.07162 4.75516 5.77811 9.60781 4.92375 6.26814 6.05836 4.93599 7.23725
threshold=-1.4999999999999998 1.697999954223633 7.5000000000000009 1.0000000180025095e-35 1.3284499645233157 0.9357142746448518 1.0814550518989565 -12.499999999999998 1.4543476700782778 0.53026998043060314 1.5346466302871706 0.61428573727607738 0.37516999244689947 0.55492767691612255 0.38041000068187719 1.2222670912742617 0.47305999696254736 1.4545567631721499 1.4072806835174563 -0.07840643078088759 1.6500000357627871 1.2928571105003359 2.3928571939468388 1.8794211745262148 1.0820699930191042 -0.49285714328289026 0.24664642661809924 1.2420814633369448 20.500000000000004 0.69614148139953624
decision_type=2 10 2 2 8 2 2 2 2 10 10 2 10 8 10 10 10 10 10 8 2 2 2 2 8 2 8 10 2 2
left_child=1 7 3 14 5 8 -7 13 10 -10 11 -5 -13 -1 -2 16 19 -18 -19 -6 -21 -22 23 25 -25 26 27 -9 29 -27
right_child=2 -3 -4 4 15 6 -8 22 9 -11 -12 12 -14 -15 -16 -17 17 18 -20 20 21 -23 -24 24 -26 28 -28 -29 -30 -31
leaf_value=-0.0058309808406938916 -0.0024934358839133128 0.03009459554392406 -0.011986035662861334 -0.0067329096471814877 -0.017408014318486608 0.001264948489549338 -0.018391130159596879 0.0063593594933808104 0.023701294567415366 -0.027146038864497325 0.042272062287197681 -0.0071667271884443204 0.030151080204839288 0.021880562239106591 -0.034872775661918702 -0.015869194861125809 0.019171728803457997 0.023198039723145353 -0.0092497669891378059 -0.0037476206670697672 0.0025571852009206521 0.025936871856127447 0.016074051633667031 0.016670637543664057 -0.017671200089199 -0.014840539385994549 0.0040968837026887838 0.04673915359715454 0.026545701210793998 0.0033906665107984978
leaf_weight=22.486476838588715 22.668898612260818 43.355887025594711 368.34039741754532 67.212396085262299 39.450623095035553 47.674677968025208 141.74095353484154 15.744404673576353 14.118953526020048 35.630037873983383 14.137567877769468 15.86480590701103 27.280067592859268 78.821045011281967 26.362257242202759 36.031334280967712 98.810515165328979 17.405637472867966 43.393803775310516 218.83384445309639 50.484237551689148 42.912705630064011 68.819843828678131 27.698030143976212 76.94377863407135 60.645395576953888 57.528974086046219 22.655176788568497 20.387973636388779 531.61859533190727
leaf_count=61 63 140 1153 192 110 140 421 43 40 110 41 45 77 220 77 110 269 50 124 601 139 117 189 76 209 165 156 62 55 1446
internal_value=-0.000301765 0.00579038 -0.00501048 -0.00233408 -0.00138851 -0.00639371 -0.0134438 0.00471881 0.00127027 -0.0127154 0.00685903 0.00232236 0.0164289 0.0157296 -0.0199026 0.00193712 0.00319195 0.0118837 3.93769e-05 -0.000752796 0.0013516 0.0132994 0.00345415 0.00238618 -0.00858113 0.00400581 0.0145389 0.0301828 0.00235655 0.00152387
internal_weight=2355.06 1026.71 1328.35 960.013 910.982 363.659 189.416 983.35 174.244 49.749 124.495 110.357 43.1449 101.308 49.0312 547.323 511.291 159.61 60.7994 351.681 312.231 93.3969 882.042 813.222 104.642 708.581 95.9286 38.3996 612.652 592.264
internal_count=6701 2822 3879 2726 2586 1066 561 2682 505 150 355 314 122 281 140 1520 1410 443 174 967 857 256 2401 2212 285 1927 261 105 1666 1611
is_linear=0
shrinkage=0.05


Tree=64
num_leaves=31
num_cat=0
split_feature=96 94 3 94 72 94 48 56 53 23 32 63 32 57 71 2 60 97 92 97 92 63 48 1 74 37 4 28 43 76
split_gain=4.91545 5.1577 5.93763 4.80623 6.33047 4.5065 4.3497 7.13071 9.23264 6.26244 5.56659 5.53526 5.30777 4.9671 5.34776 7.18879 5.33404 4.10132 4.15437 5.00551 4.04086 6.79424 5.44446 5.29409 5.61667 5.7513 4.0482 3.96244 3.8797 7.85542
threshold=2.8085669279098515 3.0523570775985722 8.6614584922790545 3.1125192642211919 1.6607001423835757 2.9612914323806767 1.3309794664382937 1.6651900410652163 1.3327974677085879 0.5000000149011613 1.3541666865348818 1.8115100264549258 1.3541666865348818 0.48226000368595129 -0.24796000123023984 7.5000000000000009 0.052312143146991737 1.7934043407440188 2.8283200263977055 0.51503971219062816 3.3942511081695561 0.75064998865127575 2.6283984184265141 13.500000000000002 0.65446624159812938 0.29285715520381933 7.909722328186036 1.8785714507102969 0.41428571939468389 1.6308471560478213
decision_type=10 10 2 10 10 10 2 10 2 2 2 10 2 10 10 2 10 10 10 10 10 10 2 2 10 2 2 2 2 10
left_child=17 2 5 4 -3 -2 10 9 -9 11 13 12 27 14 -5 16 -16 18 -1 -20 23 -22 26 24 25 -14 28 -8 29 -23
right_child=1 3 -4 6 -6 -7 7 8 -10 -11 -12 -13 20 -15 15 -17 -18 -19 19 -21 21 22 -24 -25 -26 -27 -28 -29 -30 -31
leaf_value=0.0019313778759053786 -0.00064136018528195959 0.029566227188176916 -0.025972096516441487 -0.010787351973957821 -0.015544029898882478 -0.020440698626825442 -0.037760295640725292 0.048465669736316531 0.00047617134615239484 0.030987349261274961 -0.021766101964637314 -0.027497269982192124 0.027214825474396687 -0.029235770678653489 -0.027792390216032293 0.038953019904640847 0.017000395545502291 -0.026048238990672903 -0.00032255862641948521 0.037741912427363161 0.027033104575368616 -0.022018044118711069 0.023599176360561649 -0.01774961423447732 0.037476430627687074 -0.0082414013025948144 -0.027778667859068431 -0.003376640439814468 -0.014924077658135826 0.036887480432560078
leaf_weight=1161.1786214411259 121.8251044601202 27.228120669722557 44.479346469044685 38.525085464119911 10.886894255876539 37.612507060170174 15.596181154251097 17.53742778301239 23.388986378908157 14.179257139563559 53.212167650461197 21.391828283667564 19.71408486366272 14.013867720961569 11.388710603117945 18.123491317033768 15.960830122232435 12.76849454641342 16.575547426939011 18.032706499099731 15.566540956497191 10.09197047352791 11.765376120805739 13.656321242451666 21.550998970866203 27.241632074117661 29.489792600274086 18.107441782951355 38.664750412106514 12.886992886662481
leaf_count=3912 445 94 167 152 43 138 57 62 86 58 195 94 67 53 40 62 55 56 57 64 53 43 46 53 82 97 116 66 141 47
internal_value=0.000204478 -0.00311642 -0.00981861 -0.000383961 0.0166813 -0.00531217 -0.00179168 0.00159211 0.0210402 -0.00135688 -0.00874679 -0.00315029 -0.000927688 -0.00167841 0.00291914 0.0145314 -0.00165191 0.00213918 0.00244016 0.019511 0.00215658 -0.00375295 -0.00841026 0.0106771 0.0163438 0.00664469 -0.0125427 -0.0192875 -0.00525394 0.0110172
internal_weight=1912.64 704.086 203.917 500.169 38.115 159.438 462.054 310.83 40.9264 269.903 151.224 255.724 234.332 98.012 83.9981 45.473 27.3495 1208.56 1195.79 34.6083 200.628 118.465 102.899 82.163 68.5067 46.9557 91.1335 33.7036 61.6437 22.979
internal_count=6701 2612 750 1862 137 583 1725 1168 148 1020 557 962 868 362 309 157 95 4089 4033 121 745 446 393 299 246 164 347 123 231 90
is_linear=0
shrinkage=0.05


Tree=65
num_leaves=31
num_cat=0
split_feature=2 51 93 36 93 2 62 51 84 72 5 81 52 89 34 22 16 50 45 25 47 69 38 97 69 63 95 34 4 29
split_gain=25.1432 11.1186 8.26271 7.25497 7.16105 5.6629 6.0773 6.95119 5.85439 5.81507 7.04039 5.53965 4.97814 7.95971 4.90037 5.86587 6.70893 6.37468 5.79903 4.6598 5.43355 5.38737 7.05978 5.51338 4.61184 9.27451 6.75317 6.46868 5.97337 5.93033
threshold=-2.4999999999999996 2.1161302328109746 0.74542498588562023 0.78888890147209179 0.54026001691818248 8.5000000000000018 1.3907499909400942 0.90725970268249523 1.5000000000000002 1.5261440873146059 -0.90104165673255909 -0.6563107669353484 1.6988745927810671 -0.12142857536673544 0.29285715520381933 0.30000000447034841 1.3000000119209292 1.5605938434600832 0.31666667759418493 0.66428571939468395 0.41428571939468389 1.1002500057220461 0.21111111342906955 0.11141077429056169 1.2299550175666811 1.7361299991607668 0.26832357048988348 0.29285715520381933 7.0850694179534921 0.83571428060531627
decision_type=2 2 10 2 10 2 10 2 2 10 2 10 2 2 2 2 2 2 2 2 2 8 2 8 10 10 8 2 2 2
left_child=2 3 -1 5 12 6 8 -8 9 19 -11 -5 -3 -14 15 16 -7 -18 -17 -2 21 22 -21 -23 26 29 -9 -28 -29 -26
right_child=1 4 -4 11 -6 14 7 24 -10 10 -12 -13 13 -15 -16 18 17 -19 -20 20 -22 23 -24 -25 25 -27 27 28 -30 -31
leaf_value=-0.004674592913511748 -0.012381926426275853 0.021683799156383882 -0.017605943947034446 -0.0049748406059940799 0.020006233621913394 0.035709549001934085 0.026786259625205807 -0.021026841958725714 -0.031449647538521912 0.014825292794337919 -0.024872615120097256 0.030720519578386993 0.029258368256183193 -0.013652991778619486 0.017768844697003985 -0.00056838470297850073 -0.019557102879728887 0.017371357137402708 -0.036623801556391077 -0.018663464288202185 0.016833168471416395 0.02054510078017277 0.021108280049748417 -0.0063850977713807086 0.011150093420374083 0.023253696316455838 0.0004730450021753272 0.039194713235930045 0.0054066123293764175 -0.011462761977562574
leaf_weight=445.98344740271568 76.07082936167717 24.243718922138214 170.85491050779819 15.491101473569868 155.67547133564949 21.369739860296249 31.295012772083282 15.047852128744124 18.959777325391769 14.049159482121466 54.473715201020241 36.430360019207001 13.612684369087217 52.426488876342773 82.636295676231384 50.69179829955101 19.977548450231552 28.157658934593201 14.2974416911602 14.477374553680418 48.354395776987076 20.621787786483765 48.663070768117905 242.48357640206814 36.61373071372509 30.157587856054306 43.379352927207947 34.166361391544342 21.195491671562195 139.31937445700169
leaf_count=1649 243 71 790 47 429 61 94 45 58 49 194 101 41 156 234 143 58 80 41 45 155 63 145 784 111 91 122 96 60 445
internal_value=0.000158116 0.00385408 -0.00825638 0.00180403 0.0135091 0.000946856 -0.00082061 0.00429604 -0.00415951 -0.00316293 -0.0167334 0.0200706 0.00230611 -0.00480765 0.00818609 0.00229823 0.0123953 0.00204494 -0.00850047 -0.00109959 0.00119153 -0.00112678 0.0119891 -0.00427435 0.00209574 -0.00236528 0.0101754 0.0149305 0.0262588 -0.00675676
internal_weight=2021.18 1404.34 616.838 1158.38 245.958 1106.46 889.328 351.175 538.154 519.194 68.5229 51.9215 90.2829 66.0392 217.13 134.494 69.5049 48.1352 64.9892 450.671 374.6 326.246 63.1404 263.105 319.88 206.091 113.789 98.7412 55.3619 175.933
internal_count=6701 4262 2439 3565 697 3417 2800 1064 1736 1678 243 148 268 197 617 383 199 138 184 1435 1192 1037 190 847 970 647 323 278 156 556
is_linear=0
shrinkage=0.05


Tree=66
num_leaves=31
num_cat=0
split_feature=2 80 74 71 65 98 51 78 63 89 71 78 70 24 39 71 101 26 11 90 2 57 87 77 49 78 50 63 82 67
split_gain=25.0245 11.8233 8.73484 8.05749 7.09501 9.03607 6.54208 8.79708 6.76013 7.42282 6.46749 6.19498 5.46048 7.23991 12.3837 5.4316 7.76065 5.90918 6.0328 6.26085 5.79892 6.28595 6.6268 5.36399 5.72595 5.97205 5.8491 5.6771 5.33955 5.9557
threshold=-2.4999999999999996 1.0870476961135866 0.31565406918525701 0.97507998347282421 1.7520657181739809 0.70000001788139354 1.6666900515556338 -0.33311501145362848 1.4764899611473086 -1.0785714387893675 -0.30473999679088587 -0.26995499432086939 1.790775001049042 1.0214285850524905 9.5000000000000018 -0.2100500017404556 1.0000000180025095e-35 1.8214285969734194 0.30000000447034841 2.7024600505828862 5.5000000000000009 0.1715900003910065 0.40714286267757421 1.0818700194358828 0.78617364168167125 1.1062800288200381 1.8491945862770083 0.87909001111984264 -1.6999999880790708 0.74471071362495433
decision_type=2 8 10 10 10 2 2 10 8 2 8 10 10 2 2 8 2 2 2 8 2 10 2 10 2 10 2 8 2 10
left_child=3 23 12 6 -4 -6 7 8 -1 -10 -9 -12 13 14 -3 16 -15 18 20 -20 21 22 -17 24 -2 26 27 -26 -16 -30
right_child=1 2 4 -5 5 -7 -8 10 9 -11 11 -13 -14 15 28 17 -18 -19 19 -21 -22 -23 -24 -25 25 -27 -28 -29 29 -31
leaf_value=0.023163398324466667 -0.03118254843715881 0.028813987439109109 0.017013876627620619 0.021040709237727079 0.0094376544982715319 -0.037144084381599336 0.020306266197947943 -0.021405190832654082 0.018857823483847985 0.0019794009140573624 -0.022307679418408742 0.0028407782823906035 -0.01126440862452254 -0.021924846417043155 -0.021675406020683862 -0.011500586722475257 0.014665399298406004 0.014948218464234657 0.024326996958786137 -0.0030412333696564096 -0.02786721823806558 -0.033612783843707701 0.015904175619557825 -0.028853353687942902 0.0069327929535800544 -0.020485623458970672 0.024186988603701751 -0.015432986538118879 0.0002087236356567018 0.02994010178093889
leaf_weight=63.890600115060806 28.389964580535889 41.801511883735657 100.68198016285896 87.946449458599091 30.072651952505112 15.92346543073654 64.942577213048935 41.401374071836472 82.962564408779144 303.21360757946968 27.635867059230804 215.00150474905968 184.08290332555771 89.74671533703804 26.16904953122139 58.220774322748184 17.281782299280167 40.045691609382629 25.755029588937759 110.78107953071594 43.138757199048996 17.690645456314087 35.515975534915924 46.786009639501572 50.653735220432281 58.365479275584221 19.241019636392593 64.501820951700211 322.1427438557148 17.773205578327179
leaf_count=175 96 116 274 266 83 44 176 115 231 825 75 582 557 266 80 161 51 112 71 310 127 49 97 143 154 197 59 191 911 54
internal_value=6.56062e-05 -0.00399297 -0.00183471 0.00667633 0.00958114 -0.00668855 0.00509533 0.0037497 0.00809791 0.00560541 -0.00314015 -2.35762e-05 -0.00346017 -0.00176215 0.00303176 -0.00622467 -0.0160167 -0.00305986 -0.00553716 0.00212128 -0.0123022 -0.00627631 -0.00111718 -0.0134724 -0.0102184 -0.00713084 -0.00133115 -0.0055949 8.78092e-05 0.00176329
internal_weight=2331.76 1444.76 1176.82 886.995 146.678 45.9961 799.048 734.106 450.067 386.176 284.039 242.637 1030.15 846.063 407.887 438.176 107.028 331.148 291.102 136.536 154.566 111.427 93.7367 267.938 221.152 192.762 134.397 115.156 366.085 339.916
internal_count=6648 4203 3363 2445 401 127 2179 2003 1231 1056 772 657 2962 2405 1161 1244 317 927 815 381 434 307 258 840 697 601 404 345 1045 965
is_linear=0
shrinkage=0.05


Tree=67
num_leaves=31
num_cat=0
split_feature=92 33 62 33 90 89 50 52 43 26 3 67 63 42 56 3 5 76 93 74 88 70 88 26 4 53 26 51 71 22
split_gain=4.53796 5.58435 4.67136 4.66552 5.2152 4.62909 5.22146 5.32761 6.81157 5.17692 5.88074 6.78869 6.38792 6.87297 6.85757 5.39885 7.04642 5.52875 6.06506 5.41597 5.00931 4.98086 4.36536 4.04054 5.21317 4.34281 3.71796 5.09838 3.54446 5.65136
threshold=2.4509849548339848 0.89444443583488475 1.0533900260925295 0.88194444775581371 2.9278899431228642 1.7500000000000002 2.1398713588714604 1.6532896161079409 0.52777779102325451 1.1642857193946841 13.046875000000002 -0.40260356664657587 1.8387699723243716 1.7888888716697695 1.6314800381660464 6.0885417461395273 -1.0052083134651182 1.0898900032043459 0.4137400090694428 -0.68231302499771107 -0.050000000745058053 1.5392142534255984 -0.30714286863803858 0.84999999403953563 5.9930555820465097 1.2038648128509524 0.45000000298023229 1.6125401854515078 0.97507998347282421 0.30000000447034841
decision_type=8 2 10 2 8 2 2 2 2 2 2 8 8 2 10 2 2 10 10 8 2 10 2 2 2 2 2 2 10 2
left_child=1 2 -1 4 -2 6 7 8 9 22 12 -12 15 -14 -15 16 -11 18 -17 -19 -8 -18 -3 24 -6 26 -26 -28 -5 -30
right_child=3 5 -4 28 23 -7 20 -9 -10 10 11 -13 13 14 -16 17 21 19 -20 -21 -22 -23 -24 -25 25 -27 27 -29 29 -31
leaf_value=0.0060056737158357132 -0.022425460700017955 0.010315118143675335 0.043966819429888192 0.00046064947982425437 0.022366479822232551 0.033866991247418612 -0.029588103921475019 0.02989714549926983 -0.033606884612709519 0.036477104582463532 0.0053215589657705578 0.054211578560143241 0.048722418321281984 0.032516644305221103 -0.020921603458706112 0.022765479601806422 -0.018067425653181823 0.0037121714556777492 -0.016840508864686052 -0.032655801495613451 0.0095578199703449766 0.019276083257814828 -0.012809394884152845 -0.016463537440072108 -0.011814924829018046 -0.015889936530245327 0.044486099518992323 -0.0018880158828954816 -0.028095099515608596 0.0085405385567274544
leaf_weight=16.444619998335838 49.119049578905106 29.59833636879921 15.978449881076811 1243.4876994490623 23.693060278892517 11.847183808684347 23.491430357098579 18.835567727684975 12.527235865592955 19.417203575372696 14.308747500181196 14.094664961099626 15.555049657821653 12.126246631145479 11.890150040388106 22.525395601987839 19.426226586103439 15.779956102371214 16.932064637541771 29.144141525030136 12.531999737024305 16.524824231863022 65.732725873589516 42.983712270855904 15.16889353096485 40.228149145841599 11.161098614335062 12.63778395950794 27.206271603703499 17.169781938195229
leaf_count=57 187 97 53 4345 86 40 84 62 43 61 47 44 50 42 40 71 65 52 57 97 42 54 222 159 55 159 40 44 126 67
internal_value=0.000166909 0.00479048 0.0247133 -0.00112617 -0.00833389 0.00310077 0.00211683 0.00406511 0.00252333 0.00401682 0.0084439 0.0295823 0.00509571 0.0228302 0.00606019 7.40237e-05 0.0122062 -0.00788668 0.00576968 -0.0198813 -0.0159698 -0.000902561 -0.00562971 -0.0035889 0.00178971 -0.00436624 0.00753017 0.0198603 -3.48731e-05 -0.0139202
internal_weight=1897.57 414.712 32.4231 1482.86 194.992 382.289 370.442 334.419 315.583 303.056 207.725 28.4034 179.321 39.5714 24.0164 139.75 55.3683 84.3816 39.4575 44.9241 36.0234 35.9511 95.3311 145.873 102.889 79.1959 38.9678 23.7989 1287.86 44.3761
internal_count=6648 1380 110 5268 730 1270 1230 1104 1042 999 680 91 589 132 82 457 180 277 128 149 126 119 319 543 384 298 139 84 4538 193
is_linear=0
shrinkage=0.05


Tree=68
num_leaves=31
num_cat=0
split_feature=2 2 65 73 83 45 29 64 69 93 65 94 0 28 70 80 63 16 5 49 66 71 90 51 32 11 21 23 28 90
split_gain=30.9349 10.974 7.86744 7.15601 5.85843 5.62148 6.12109 8.0962 5.51894 7.34258 7.0075 9.93959 6.3492 5.72271 5.48206 5.75642 6.13452 5.20424 6.04575 5.00747 5.46138 5.3445 5.09809 7.30635 7.44645 4.76801 4.65876 4.44809 4.77794 4.78143
threshold=-2.4999999999999996 8.5000000000000018 1.4142428040504458 1.2460461258888247 -1.4999999999999998 0.58571431040763866 0.77857142686843883 0.40958999097347265 1.1002500057220461 0.64575874805450451 1.3554671406745913 2.1777728796005253 19.500000000000004 0.75000000000000011 1.7208600044250491 1.0026188492774966 1.6718699932098391 2.5000000000000004 0.98263889551162731 0.84405142068862926 1.7985150218009951 0.15883833914995196 2.7758699655532841 0.92610976099967968 1.4365079402923586 1.0000000180025095e-35 0.70000001788139354 0.30000000447034841 1.3928571343421938 3.2020200490951543
decision_type=2 2 10 8 2 2 2 10 8 10 8 10 2 2 10 10 10 2 2 2 10 8 8 2 2 2 2 2 2 8
left_child=3 2 8 -1 -4 6 7 -6 10 12 11 13 -10 -2 15 17 27 18 -3 -5 21 22 26 -24 -25 -23 -21 28 -17 -30
right_child=1 14 4 19 5 -7 -8 -9 9 -11 -12 -13 -14 -15 -16 16 -18 -19 -20 20 -22 25 23 24 -26 -27 -28 -29 29 -31
leaf_value=-0.017302333197328996 -0.018998740275770334 0.017200163825821579 0.0254669586464705 -0.026322649066708677 0.048812135947007708 0.027101493672071559 -0.00020499462232115387 0.0080217183648397458 -0.0038324610642629861 -0.019977136593850465 -0.025393531185785773 0.035401154744423763 0.023542445416137106 0.0099029765737171354 0.022734200876893606 -0.030708159619384036 0.031057968163675453 0.035685719087347183 -0.012384660000830348 0.0043021566007097004 -0.017482094267543099 0.0085564413268538666 0.051602731711390432 0.032766963218841837 -0.01648274533497178 -0.011201647786353144 -0.026273790849243053 0.01499591865623731 0.0072764498440753061 -0.021648936665975352
leaf_weight=201.52388978004456 23.339865490794182 75.089360266923904 36.968541115522385 27.733439117670059 14.589021995663641 26.223872423171997 300.96199557185173 73.208142191171646 376.57123044133186 68.81886787712574 15.130769103765486 30.368128597736359 22.443755179643631 64.348310738801956 85.683678388595581 19.756992816925049 14.363131344318388 25.706401765346527 22.425676077604294 74.395521461963654 65.422717392444611 38.527127549052238 12.905441671609877 14.548950582742693 16.244681298732758 147.18101714551449 14.963888838887213 24.521243900060654 42.006171464920044 21.650669187307358
leaf_count=906 74 214 105 101 43 80 908 211 1212 245 45 89 68 193 235 57 41 71 64 260 264 147 45 49 59 556 58 70 118 60
internal_value=-0.000235129 0.00390707 0.0014102 -0.00958154 0.00639419 0.0046951 0.00318367 0.0147998 -0.00233763 -0.00489408 0.0066422 0.0107481 -0.00229268 0.00221024 0.0118452 0.00804504 0.000360179 0.0156723 0.0103965 -0.00580432 -0.00432316 -0.00162246 0.00602613 0.0200216 0.00678608 -0.00710262 -0.00081801 -0.00372484 -0.00922819 -0.00256152
internal_weight=1997.62 1384.18 1052.97 613.447 451.952 414.983 388.759 87.7972 601.021 467.834 133.187 118.056 399.015 87.6882 331.203 245.52 122.298 123.221 97.515 411.923 384.189 318.767 133.058 43.6991 30.7936 185.708 89.3594 107.935 83.4138 63.6568
internal_count=6648 4203 3273 2445 1347 1242 1162 254 1926 1525 401 356 1280 267 930 695 346 349 278 1539 1438 1174 471 153 108 703 318 305 235 178
is_linear=0
shrinkage=0.05


end of trees

feature_importances:
derived_positionGap=94
derived_expectedGoalsAsym10=87
home_xg10_xgDiffAvg10=55
home_restDays=48
away_restDays=45
away_xg5_xgAgainstAvg5=44
derived_goalForGapW5=44
home_xg10_xgForAvg10=43
away_form5_goalsAgainstWAvg5=41
home_form10_goalsForWAvg10=41
away_form10_pointsWAvg10=41
away_xg10_xgDiffAvg10=41
away_xg10_xgAgainstAvg10=39
home_xg10_xgDiffWAvg10=37
away_xg5_xgDiffAvg5=36
away_xg10_xgDiffWAvg10=36
derived_expectedGoalsAsymW10=36
home_form10_pointsWAvg10=35
home_form10_goalsAgainstWAvg10=35
home_xg5_xgDiffWAvg5=35
home_form5_pointsWAvg5=34
away_xg5_xgAgainstWAvg5=33
home_position=32
away_xg10_xgForWAvg10=32
home_xg10_xgAgainstAvg10=31
derived_goalsAgainstGapW5=31
away_xg5_xgDiffWAvg5=30
away_position=29
home_xg10_xgAgainstWAvg10=29
derived_expectedGoalsAsym5=29
derived_expectedGoalsTotal10=29
derived_pointsGapW5=28
home_xg5_xgAgainstWAvg5=27
home_form5_goalsAgainstWAvg5=26
away_form5_pointsWAvg5=26
away_form10_goalsForWAvg10=26
away_xg10_xgForAvg10=26
away_form5_goalsForWAvg5=25
away_xg5_xgForWAvg5=25
away_xg10_xgAgainstWAvg10=24
derived_expectedGoalsTotal5=24
away_xg5_xgForAvg5=23
home_xg5_xgForAvg5=21
home_xg5_xgAgainstAvg5=21
home_xg5_xgForWAvg5=21
home_xg10_xgForWAvg10=21
home_form5_goalsForWAvg5=20
home_form10_goalsAgainstAvg10=20
home_xg5_xgDiffAvg5=20
derived_expectedGoalsTotalW5=20
derived_expectedGoalsAsymW5=20
derived_restGap=19
home_form10_goalsForAvg10=19
away_form10_goalsAgainstWAvg10=17
derived_goalForGap5=16
away_form10_goalsAgainstAvg10=14
home_form10_drawRate10=13
home_form10_ftsRate10=13
derived_expectedGoalsTotalW10=13
away_form10_lossRate10=12
derived_bttsSuppress10=12
away_form10_winRate10=11
derived_pointsGap5=11
away_form5_csRate5=10
home_form10_winRate10=10
home_form10_lossRate10=10
away_form5_pointsAvg5=9
away_form10_drawRate10=9
away_form10_ftsRate10=9
home_form5_drawRate5=8
home_form10_pointsAvg10=8
away_form10_pointsAvg10=8
derived_bttsSuppress5=8
home_form10_csRate10=7
away_form10_matches=7
home_form5_goalsForAvg5=6
lg_384=6
lg_387=6
away_form5_lossRate5=5
home_form10_matches=5
away_form10_goalsForAvg10=5
home_form5_pointsAvg5=4
home_form5_csRate5=4
away_form5_goalsForAvg5=4
away_form5_ftsRate5=4
away_form10_csRate10=4
derived_goalsAgainstGap5=4
home_form5_goalsAgainstAvg5=3
home_form5_winRate5=3
away_form5_goalsAgainstAvg5=3
away_form5_drawRate5=3
away_form5_winRate5=2
lg_8=2
lg_9=2
home_form5_lossRate5=1
home_form5_ftsRate5=1
lg_453=1
lg_564=1
lg_573=1
lg_591=1

parameters:
[boosting: gbdt]
[objective: multiclass]
[metric: multi_logloss]
[tree_learner: serial]
[device_type: cpu]
[data_sample_strategy: bagging]
[data: ]
[valid: ]
[num_iterations: 2000]
[learning_rate: 0.05]
[num_leaves: 31]
[num_threads: 0]
[seed: 42]
[deterministic: 0]
[force_col_wise: 0]
[force_row_wise: 0]
[histogram_pool_size: -1]
[max_depth: -1]
[min_data_in_leaf: 40]
[min_sum_hessian_in_leaf: 0.001]
[bagging_fraction: 0.9]
[pos_bagging_fraction: 1]
[neg_bagging_fraction: 1]
[bagging_freq: 1]
[bagging_seed: 400]
[bagging_by_query: 0]
[feature_fraction: 0.9]
[feature_fraction_bynode: 1]
[feature_fraction_seed: 30056]
[extra_trees: 0]
[extra_seed: 12879]
[early_stopping_round: 0]
[early_stopping_min_delta: 0]
[first_metric_only: 0]
[max_delta_step: 0]
[lambda_l1: 0]
[lambda_l2: 0]
[linear_lambda: 0]
[min_gain_to_split: 0]
[drop_rate: 0.1]
[max_drop: 50]
[skip_drop: 0.5]
[xgboost_dart_mode: 0]
[uniform_drop: 0]
[drop_seed: 17869]
[top_rate: 0.2]
[other_rate: 0.1]
[min_data_per_group: 100]
[max_cat_threshold: 32]
[cat_l2: 10]
[cat_smooth: 10]
[max_cat_to_onehot: 4]
[top_k: 20]
[monotone_constraints: ]
[monotone_constraints_method: basic]
[monotone_penalty: 0]
[feature_contri: ]
[forcedsplits_filename: ]
[refit_decay_rate: 0.9]
[cegb_tradeoff: 1]
[cegb_penalty_split: 0]
[cegb_penalty_feature_lazy: ]
[cegb_penalty_feature_coupled: ]
[path_smooth: 0]
[interaction_constraints: ]
[verbosity: -1]
[saved_feature_importance_type: 0]
[use_quantized_grad: 0]
[num_grad_quant_bins: 4]
[quant_train_renew_leaf: 0]
[stochastic_rounding: 1]
[linear_tree: 0]
[max_bin: 255]
[max_bin_by_feature: ]
[min_data_in_bin: 3]
[bin_construct_sample_cnt: 200000]
[data_random_seed: 175]
[is_enable_sparse: 1]
[enable_bundle: 1]
[use_missing: 1]
[zero_as_missing: 0]
[feature_pre_filter: 1]
[pre_partition: 0]
[two_round: 0]
[header: 0]
[label_column: ]
[weight_column: ]
[group_column: ]
[ignore_column: ]
[categorical_feature: ]
[forcedbins_filename: ]
[precise_float_parser: 0]
[parser_config_file: ]
[objective_seed: 16083]
[num_class: 3]
[is_unbalance: 0]
[scale_pos_weight: 1]
[sigmoid: 1]
[boost_from_average: 1]
[reg_sqrt: 0]
[alpha: 0.9]
[fair_c: 1]
[poisson_max_delta_step: 0.7]
[tweedie_variance_power: 1.5]
[lambdarank_truncation_level: 30]
[lambdarank_norm: 1]
[label_gain: ]
[lambdarank_position_bias_regularization: 0]
[eval_at: ]
[multi_error_top_k: 1]
[auc_mu_weights: ]
[num_machines: 1]
[local_listen_port: 12400]
[time_out: 120]
[machine_list_filename: ]
[machines: ]
[gpu_platform_id: -1]
[gpu_device_id: -1]
[gpu_use_dp: 0]
[num_gpu: 1]

end of parameters

pandas_categorical:null
